<?xml version="1.0" encoding="UTF-8"?>
<kml xmlns="http://www.opengis.net/kml/2.2" xmlns:gx="http://www.google.com/kml/ext/2.2" xmlns:kml="http://www.opengis.net/kml/2.2" xmlns:atom="http://www.w3.org/2005/Atom">
<Document>
    <name>None_auto_tmap</name>
    <gx:CascadingStyle kml:id="__managed_style_a">
        <Style>
            <LineStyle>
                <color>ff2f2fd3</color>
                <width>4</width>
            </LineStyle>
            <PolyStyle>
                <color>c02f2fd3</color>
            </PolyStyle>
        </Style>
    </gx:CascadingStyle>
    <StyleMap id="__managed_style_a_map">
        <Pair>
            <key>normal</key>
            <styleUrl>#__managed_style_a</styleUrl>
        </Pair>
        <Pair>
            <key>highlight</key>
            <styleUrl>#__managed_style_a</styleUrl>
        </Pair>
    </StyleMap>
    <Placemark id="WayPoint1">
        <name>WayPoint1</name>
        <description><![CDATA[<div>WayPoint1</div>]]></description>
        <LookAt>
            <longitude>-0.528039844229433</longitude>
            <latitude>53.268168317587204</latitude>
            <altitude>0.0</altitude>
            <heading>0</heading>
            <tilt>0</tilt>
            <gx:fovy>35</gx:fovy>
            <range>100</range>
            <altitudeMode>absolute</altitudeMode>
        </LookAt>
        <styleUrl>#__managed_style_a</styleUrl>
        <Polygon>
            <outerBoundaryIs>
                <LinearRing>
                    <coordinates>
                        
				-0.5280348442294329,53.268168317587204,0.0 -0.528039844229433,53.268173317587205,0.0 -0.528044844229433,53.268168317587204,0.0 -0.528039844229433,53.2681633175872,0.0 -0.5280348442294329,53.268168317587204,0.0 
			
                    </coordinates>
                </LinearRing>
            </outerBoundaryIs>
        </Polygon>
    </Placemark>
    <Placemark id="WayPoint2">
        <name>WayPoint2</name>
        <description><![CDATA[<div>WayPoint2</div>]]></description>
        <LookAt>
            <longitude>-0.5279378921378832</longitude>
            <latitude>53.268227223152394</latitude>
            <altitude>0.0</altitude>
            <heading>0</heading>
            <tilt>0</tilt>
            <gx:fovy>35</gx:fovy>
            <range>100</range>
            <altitudeMode>absolute</altitudeMode>
        </LookAt>
        <styleUrl>#__managed_style_a</styleUrl>
        <Polygon>
            <outerBoundaryIs>
                <LinearRing>
                    <coordinates>
                        
				-0.5279328921378832,53.268227223152394,0.0 -0.5279378921378832,53.268232223152395,0.0 -0.5279428921378833,53.268227223152394,0.0 -0.5279378921378832,53.26822222315239,0.0 -0.5279328921378832,53.268227223152394,0.0 
			
                    </coordinates>
                </LinearRing>
            </outerBoundaryIs>
        </Polygon>
    </Placemark>
    <Placemark id="WayPoint3">
        <name>WayPoint3</name>
        <description><![CDATA[<div>WayPoint3</div>]]></description>
        <LookAt>
            <longitude>-0.5278879686948235</longitude>
            <latitude>53.268156266677686</latitude>
            <altitude>0.0</altitude>
            <heading>0</heading>
            <tilt>0</tilt>
            <gx:fovy>35</gx:fovy>
            <range>100</range>
            <altitudeMode>absolute</altitudeMode>
        </LookAt>
        <styleUrl>#__managed_style_a</styleUrl>
        <Polygon>
            <outerBoundaryIs>
                <LinearRing>
                    <coordinates>
                        
				-0.5278829686948234,53.268156266677686,0.0 -0.5278879686948235,53.26816126667769,0.0 -0.5278929686948235,53.268156266677686,0.0 -0.5278879686948235,53.268151266677684,0.0 -0.5278829686948234,53.268156266677686,0.0 
			
                    </coordinates>
                </LinearRing>
            </outerBoundaryIs>
        </Polygon>
    </Placemark>
    <Placemark id="WayPoint4">
        <name>WayPoint4</name>
        <description><![CDATA[<div>WayPoint4</div>]]></description>
        <LookAt>
            <longitude>-0.5280678133872917</longitude>
            <latitude>53.26830015813463</latitude>
            <altitude>0.0</altitude>
            <heading>0</heading>
            <tilt>0</tilt>
            <gx:fovy>35</gx:fovy>
            <range>100</range>
            <altitudeMode>absolute</altitudeMode>
        </LookAt>
        <styleUrl>#__managed_style_a</styleUrl>
        <Polygon>
            <outerBoundaryIs>
                <LinearRing>
                    <coordinates>
                        
				-0.5280628133872917,53.26830015813463,0.0 -0.5280678133872917,53.26830515813463,0.0 -0.5280728133872917,53.26830015813463,0.0 -0.5280678133872917,53.26829515813463,0.0 -0.5280628133872917,53.26830015813463,0.0 
			
                    </coordinates>
                </LinearRing>
            </outerBoundaryIs>
        </Polygon>
    </Placemark>
    <Placemark id="WayPoint5">
        <name>WayPoint5</name>
        <description><![CDATA[<div>WayPoint5</div>]]></description>
        <LookAt>
            <longitude>-0.5283136713071793</longitude>
            <latitude>53.26836913610181</latitude>
            <altitude>0.0</altitude>
            <heading>0</heading>
            <tilt>0</tilt>
            <gx:fovy>35</gx:fovy>
            <range>100</range>
            <altitudeMode>absolute</altitudeMode>
        </LookAt>
        <styleUrl>#__managed_style_a</styleUrl>
        <Polygon>
            <outerBoundaryIs>
                <LinearRing>
                    <coordinates>
                        
				-0.5283086713071793,53.26836913610181,0.0 -0.5283136713071793,53.26837413610181,0.0 -0.5283186713071794,53.26836913610181,0.0 -0.5283136713071793,53.26836413610181,0.0 -0.5283086713071793,53.26836913610181,0.0 
			
                    </coordinates>
                </LinearRing>
            </outerBoundaryIs>
        </Polygon>
    </Placemark>
    <Placemark id="WayPoint6">
        <name>WayPoint6</name>
        <description><![CDATA[<div>WayPoint6</div>]]></description>
        <LookAt>
            <longitude>-0.5284765239843894</longitude>
            <latitude>53.26840510896604</latitude>
            <altitude>0.0</altitude>
            <heading>0</heading>
            <tilt>0</tilt>
            <gx:fovy>35</gx:fovy>
            <range>100</range>
            <altitudeMode>absolute</altitudeMode>
        </LookAt>
        <styleUrl>#__managed_style_a</styleUrl>
        <Polygon>
            <outerBoundaryIs>
                <LinearRing>
                    <coordinates>
                        
				-0.5284715239843893,53.26840510896604,0.0 -0.5284765239843894,53.268410108966044,0.0 -0.5284815239843894,53.26840510896604,0.0 -0.5284765239843894,53.26840010896604,0.0 -0.5284715239843893,53.26840510896604,0.0 
			
                    </coordinates>
                </LinearRing>
            </outerBoundaryIs>
        </Polygon>
    </Placemark>
    <Placemark id="WayPoint7">
        <name>WayPoint7</name>
        <description><![CDATA[<div>WayPoint7</div>]]></description>
        <LookAt>
            <longitude>-0.528577423473224</longitude>
            <latitude>53.26847003998599</latitude>
            <altitude>0.0</altitude>
            <heading>0</heading>
            <tilt>0</tilt>
            <gx:fovy>35</gx:fovy>
            <range>100</range>
            <altitudeMode>absolute</altitudeMode>
        </LookAt>
        <styleUrl>#__managed_style_a</styleUrl>
        <Polygon>
            <outerBoundaryIs>
                <LinearRing>
                    <coordinates>
                        
				-0.528572423473224,53.26847003998599,0.0 -0.528577423473224,53.268475039985994,0.0 -0.528582423473224,53.26847003998599,0.0 -0.528577423473224,53.26846503998599,0.0 -0.528572423473224,53.26847003998599,0.0 
			
                    </coordinates>
                </LinearRing>
            </outerBoundaryIs>
        </Polygon>
    </Placemark>
    <Placemark id="WayPoint8">
        <name>WayPoint8</name>
        <description><![CDATA[<div>WayPoint8</div>]]></description>
        <LookAt>
            <longitude>-0.528606445233798</longitude>
            <latitude>53.268499987395465</latitude>
            <altitude>0.0</altitude>
            <heading>0</heading>
            <tilt>0</tilt>
            <gx:fovy>35</gx:fovy>
            <range>100</range>
            <altitudeMode>absolute</altitudeMode>
        </LookAt>
        <styleUrl>#__managed_style_a</styleUrl>
        <Polygon>
            <outerBoundaryIs>
                <LinearRing>
                    <coordinates>
                        
				-0.5286014452337979,53.268499987395465,0.0 -0.528606445233798,53.26850498739547,0.0 -0.528611445233798,53.268499987395465,0.0 -0.528606445233798,53.268494987395464,0.0 -0.5286014452337979,53.268499987395465,0.0 
			
                    </coordinates>
                </LinearRing>
            </outerBoundaryIs>
        </Polygon>
    </Placemark>
    <Placemark id="WayPoint9">
        <name>WayPoint9</name>
        <description><![CDATA[<div>WayPoint9</div>]]></description>
        <LookAt>
            <longitude>-0.5287172692625179</longitude>
            <latitude>53.26848505865681</latitude>
            <altitude>0.0</altitude>
            <heading>0</heading>
            <tilt>0</tilt>
            <gx:fovy>35</gx:fovy>
            <range>100</range>
            <altitudeMode>absolute</altitudeMode>
        </LookAt>
        <styleUrl>#__managed_style_a</styleUrl>
        <Polygon>
            <outerBoundaryIs>
                <LinearRing>
                    <coordinates>
                        
				-0.5287122692625179,53.26848505865681,0.0 -0.5287172692625179,53.26849005865681,0.0 -0.528722269262518,53.26848505865681,0.0 -0.5287172692625179,53.268480058656806,0.0 -0.5287122692625179,53.26848505865681,0.0 
			
                    </coordinates>
                </LinearRing>
            </outerBoundaryIs>
        </Polygon>
    </Placemark>
    <Placemark id="WayPoint10">
        <name>WayPoint10</name>
        <description><![CDATA[<div>WayPoint10</div>]]></description>
        <LookAt>
            <longitude>-0.5288022293388095</longitude>
            <latitude>53.268622924659</latitude>
            <altitude>0.0</altitude>
            <heading>0</heading>
            <tilt>0</tilt>
            <gx:fovy>35</gx:fovy>
            <range>100</range>
            <altitudeMode>absolute</altitudeMode>
        </LookAt>
        <styleUrl>#__managed_style_a</styleUrl>
        <Polygon>
            <outerBoundaryIs>
                <LinearRing>
                    <coordinates>
                        
				-0.5287972293388095,53.268622924659,0.0 -0.5288022293388095,53.268627924659,0.0 -0.5288072293388095,53.268622924659,0.0 -0.5288022293388095,53.268617924659,0.0 -0.5287972293388095,53.268622924659,0.0 
			
                    </coordinates>
                </LinearRing>
            </outerBoundaryIs>
        </Polygon>
    </Placemark>
    <Placemark id="WayPoint11">
        <name>WayPoint11</name>
        <description><![CDATA[<div>WayPoint11</div>]]></description>
        <LookAt>
            <longitude>-0.5290801164555998</longitude>
            <latitude>53.268584973287226</latitude>
            <altitude>0.0</altitude>
            <heading>0</heading>
            <tilt>0</tilt>
            <gx:fovy>35</gx:fovy>
            <range>100</range>
            <altitudeMode>absolute</altitudeMode>
        </LookAt>
        <styleUrl>#__managed_style_a</styleUrl>
        <Polygon>
            <outerBoundaryIs>
                <LinearRing>
                    <coordinates>
                        
				-0.5290751164555998,53.268584973287226,0.0 -0.5290801164555998,53.26858997328723,0.0 -0.5290851164555999,53.268584973287226,0.0 -0.5290801164555998,53.268579973287224,0.0 -0.5290751164555998,53.268584973287226,0.0 
			
                    </coordinates>
                </LinearRing>
            </outerBoundaryIs>
        </Polygon>
    </Placemark>
    <Placemark id="WayPoint12">
        <name>WayPoint12</name>
        <description><![CDATA[<div>WayPoint12</div>]]></description>
        <LookAt>
            <longitude>-0.5291509415811455</longitude>
            <latitude>53.268585962540996</latitude>
            <altitude>0.0</altitude>
            <heading>0</heading>
            <tilt>0</tilt>
            <gx:fovy>35</gx:fovy>
            <range>100</range>
            <altitudeMode>absolute</altitudeMode>
        </LookAt>
        <styleUrl>#__managed_style_a</styleUrl>
        <Polygon>
            <outerBoundaryIs>
                <LinearRing>
                    <coordinates>
                        
				-0.5291459415811455,53.268585962540996,0.0 -0.5291509415811455,53.268590962541,0.0 -0.5291559415811455,53.268585962540996,0.0 -0.5291509415811455,53.268580962540995,0.0 -0.5291459415811455,53.268585962540996,0.0 
			
                    </coordinates>
                </LinearRing>
            </outerBoundaryIs>
        </Polygon>
    </Placemark>
    <Placemark id="WayPoint13">
        <name>WayPoint13</name>
        <description><![CDATA[<div>WayPoint13</div>]]></description>
        <LookAt>
            <longitude>-0.5291939479206488</longitude>
            <latitude>53.26860997442787</latitude>
            <altitude>0.0</altitude>
            <heading>0</heading>
            <tilt>0</tilt>
            <gx:fovy>35</gx:fovy>
            <range>100</range>
            <altitudeMode>absolute</altitudeMode>
        </LookAt>
        <styleUrl>#__managed_style_a</styleUrl>
        <Polygon>
            <outerBoundaryIs>
                <LinearRing>
                    <coordinates>
                        
				-0.5291889479206487,53.26860997442787,0.0 -0.5291939479206488,53.26861497442787,0.0 -0.5291989479206488,53.26860997442787,0.0 -0.5291939479206488,53.268604974427866,0.0 -0.5291889479206487,53.26860997442787,0.0 
			
                    </coordinates>
                </LinearRing>
            </outerBoundaryIs>
        </Polygon>
    </Placemark>
    <Placemark id="WayPoint14">
        <name>WayPoint14</name>
        <description><![CDATA[<div>WayPoint14</div>]]></description>
        <LookAt>
            <longitude>-0.5294998041952981</longitude>
            <latitude>53.26856401909381</latitude>
            <altitude>0.0</altitude>
            <heading>0</heading>
            <tilt>0</tilt>
            <gx:fovy>35</gx:fovy>
            <range>100</range>
            <altitudeMode>absolute</altitudeMode>
        </LookAt>
        <styleUrl>#__managed_style_a</styleUrl>
        <Polygon>
            <outerBoundaryIs>
                <LinearRing>
                    <coordinates>
                        
				-0.529494804195298,53.26856401909381,0.0 -0.5294998041952981,53.26856901909381,0.0 -0.5295048041952981,53.26856401909381,0.0 -0.5294998041952981,53.26855901909381,0.0 -0.529494804195298,53.26856401909381,0.0 
			
                    </coordinates>
                </LinearRing>
            </outerBoundaryIs>
        </Polygon>
    </Placemark>
    <Placemark id="WayPoint15">
        <name>WayPoint15</name>
        <description><![CDATA[<div>WayPoint15</div>]]></description>
        <LookAt>
            <longitude>-0.5295856665024882</longitude>
            <latitude>53.26855196818429</latitude>
            <altitude>0.0</altitude>
            <heading>0</heading>
            <tilt>0</tilt>
            <gx:fovy>35</gx:fovy>
            <range>100</range>
            <altitudeMode>absolute</altitudeMode>
        </LookAt>
        <styleUrl>#__managed_style_a</styleUrl>
        <Polygon>
            <outerBoundaryIs>
                <LinearRing>
                    <coordinates>
                        
				-0.5295806665024881,53.26855196818429,0.0 -0.5295856665024882,53.26855696818429,0.0 -0.5295906665024882,53.26855196818429,0.0 -0.5295856665024882,53.26854696818429,0.0 -0.5295806665024881,53.26855196818429,0.0 
			
                    </coordinates>
                </LinearRing>
            </outerBoundaryIs>
        </Polygon>
    </Placemark>
    <Placemark id="WayPoint16">
        <name>WayPoint16</name>
        <description><![CDATA[<div>WayPoint16</div>]]></description>
        <LookAt>
            <longitude>-0.5296097259931194</longitude>
            <latitude>53.26859891277212</latitude>
            <altitude>0.0</altitude>
            <heading>0</heading>
            <tilt>0</tilt>
            <gx:fovy>35</gx:fovy>
            <range>100</range>
            <altitudeMode>absolute</altitudeMode>
        </LookAt>
        <styleUrl>#__managed_style_a</styleUrl>
        <Polygon>
            <outerBoundaryIs>
                <LinearRing>
                    <coordinates>
                        
				-0.5296047259931194,53.26859891277212,0.0 -0.5296097259931194,53.26860391277212,0.0 -0.5296147259931194,53.26859891277212,0.0 -0.5296097259931194,53.26859391277212,0.0 -0.5296047259931194,53.26859891277212,0.0 
			
                    </coordinates>
                </LinearRing>
            </outerBoundaryIs>
        </Polygon>
    </Placemark>
    <Placemark id="WayPoint17">
        <name>WayPoint17</name>
        <description><![CDATA[<div>WayPoint17</div>]]></description>
        <LookAt>
            <longitude>-0.5296546871662365</longitude>
            <latitude>53.26854000720693</latitude>
            <altitude>0.0</altitude>
            <heading>0</heading>
            <tilt>0</tilt>
            <gx:fovy>35</gx:fovy>
            <range>100</range>
            <altitudeMode>absolute</altitudeMode>
        </LookAt>
        <styleUrl>#__managed_style_a</styleUrl>
        <Polygon>
            <outerBoundaryIs>
                <LinearRing>
                    <coordinates>
                        
				-0.5296496871662365,53.26854000720693,0.0 -0.5296546871662365,53.26854500720693,0.0 -0.5296596871662366,53.26854000720693,0.0 -0.5296546871662365,53.26853500720693,0.0 -0.5296496871662365,53.26854000720693,0.0 
			
                    </coordinates>
                </LinearRing>
            </outerBoundaryIs>
        </Polygon>
    </Placemark>
    <Placemark id="WayPoint18">
        <name>WayPoint18</name>
        <description><![CDATA[<div>WayPoint18</div>]]></description>
        <LookAt>
            <longitude>-0.5291360547713174</longitude>
            <latitude>53.26856293990788</latitude>
            <altitude>0.0</altitude>
            <heading>0</heading>
            <tilt>0</tilt>
            <gx:fovy>35</gx:fovy>
            <range>100</range>
            <altitudeMode>absolute</altitudeMode>
        </LookAt>
        <styleUrl>#__managed_style_a</styleUrl>
        <Polygon>
            <outerBoundaryIs>
                <LinearRing>
                    <coordinates>
                        
				-0.5291310547713174,53.26856293990788,0.0 -0.5291360547713174,53.26856793990788,0.0 -0.5291410547713175,53.26856293990788,0.0 -0.5291360547713174,53.26855793990788,0.0 -0.5291310547713174,53.26856293990788,0.0 
			
                    </coordinates>
                </LinearRing>
            </outerBoundaryIs>
        </Polygon>
    </Placemark>
    <Placemark id="WayPoint19">
        <name>WayPoint19</name>
        <description><![CDATA[<div>WayPoint19</div>]]></description>
        <LookAt>
            <longitude>-0.5291719936354478</longitude>
            <latitude>53.26855799363905</latitude>
            <altitude>0.0</altitude>
            <heading>0</heading>
            <tilt>0</tilt>
            <gx:fovy>35</gx:fovy>
            <range>100</range>
            <altitudeMode>absolute</altitudeMode>
        </LookAt>
        <styleUrl>#__managed_style_a</styleUrl>
        <Polygon>
            <outerBoundaryIs>
                <LinearRing>
                    <coordinates>
                        
				-0.5291669936354477,53.26855799363905,0.0 -0.5291719936354478,53.26856299363905,0.0 -0.5291769936354478,53.26855799363905,0.0 -0.5291719936354478,53.26855299363905,0.0 -0.5291669936354477,53.26855799363905,0.0 
			
                    </coordinates>
                </LinearRing>
            </outerBoundaryIs>
        </Polygon>
    </Placemark>
    <Placemark id="WayPoint20">
        <name>WayPoint20</name>
        <description><![CDATA[<div>WayPoint20</div>]]></description>
        <LookAt>
            <longitude>-0.5290741015829421</longitude>
            <latitude>53.268573012309865</latitude>
            <altitude>0.0</altitude>
            <heading>0</heading>
            <tilt>0</tilt>
            <gx:fovy>35</gx:fovy>
            <range>100</range>
            <altitudeMode>absolute</altitudeMode>
        </LookAt>
        <styleUrl>#__managed_style_a</styleUrl>
        <Polygon>
            <outerBoundaryIs>
                <LinearRing>
                    <coordinates>
                        
				-0.5290691015829421,53.268573012309865,0.0 -0.5290741015829421,53.26857801230987,0.0 -0.5290791015829421,53.268573012309865,0.0 -0.5290741015829421,53.26856801230986,0.0 -0.5290691015829421,53.268573012309865,0.0 
			
                    </coordinates>
                </LinearRing>
            </outerBoundaryIs>
        </Polygon>
    </Placemark>
    <Placemark id="WayPoint21">
        <name>WayPoint21</name>
        <description><![CDATA[<div>WayPoint21</div>]]></description>
        <LookAt>
            <longitude>-0.5290321478461539</longitude>
            <latitude>53.26847507618698</latitude>
            <altitude>0.0</altitude>
            <heading>0</heading>
            <tilt>0</tilt>
            <gx:fovy>35</gx:fovy>
            <range>100</range>
            <altitudeMode>absolute</altitudeMode>
        </LookAt>
        <styleUrl>#__managed_style_a</styleUrl>
        <Polygon>
            <outerBoundaryIs>
                <LinearRing>
                    <coordinates>
                        
				-0.5290271478461539,53.26847507618698,0.0 -0.5290321478461539,53.26848007618698,0.0 -0.529037147846154,53.26847507618698,0.0 -0.5290321478461539,53.26847007618698,0.0 -0.5290271478461539,53.26847507618698,0.0 
			
                    </coordinates>
                </LinearRing>
            </outerBoundaryIs>
        </Polygon>
    </Placemark>
    <Placemark id="WayPoint22">
        <name>WayPoint22</name>
        <description><![CDATA[<div>WayPoint22</div>]]></description>
        <LookAt>
            <longitude>-0.5289861340703217</longitude>
            <latitude>53.268384154772626</latitude>
            <altitude>0.0</altitude>
            <heading>0</heading>
            <tilt>0</tilt>
            <gx:fovy>35</gx:fovy>
            <range>100</range>
            <altitudeMode>absolute</altitudeMode>
        </LookAt>
        <styleUrl>#__managed_style_a</styleUrl>
        <Polygon>
            <outerBoundaryIs>
                <LinearRing>
                    <coordinates>
                        
				-0.5289811340703217,53.268384154772626,0.0 -0.5289861340703217,53.26838915477263,0.0 -0.5289911340703217,53.268384154772626,0.0 -0.5289861340703217,53.268379154772624,0.0 -0.5289811340703217,53.268384154772626,0.0 
			
                    </coordinates>
                </LinearRing>
            </outerBoundaryIs>
        </Polygon>
    </Placemark>
    <Placemark id="WayPoint23">
        <name>WayPoint23</name>
        <description><![CDATA[<div>WayPoint23</div>]]></description>
        <LookAt>
            <longitude>-0.5289422254999198</longitude>
            <latitude>53.26838910104146</latitude>
            <altitude>0.0</altitude>
            <heading>0</heading>
            <tilt>0</tilt>
            <gx:fovy>35</gx:fovy>
            <range>100</range>
            <altitudeMode>absolute</altitudeMode>
        </LookAt>
        <styleUrl>#__managed_style_a</styleUrl>
        <Polygon>
            <outerBoundaryIs>
                <LinearRing>
                    <coordinates>
                        
				-0.5289372254999197,53.26838910104146,0.0 -0.5289422254999198,53.26839410104146,0.0 -0.5289472254999198,53.26838910104146,0.0 -0.5289422254999198,53.268384101041455,0.0 -0.5289372254999197,53.26838910104146,0.0 
			
                    </coordinates>
                </LinearRing>
            </outerBoundaryIs>
        </Polygon>
    </Placemark>
    <Placemark id="WayPoint24">
        <name>WayPoint24</name>
        <description><![CDATA[<div>WayPoint24</div>]]></description>
        <LookAt>
            <longitude>-0.5290889883927702</longitude>
            <latitude>53.26846302527746</latitude>
            <altitude>0.0</altitude>
            <heading>0</heading>
            <tilt>0</tilt>
            <gx:fovy>35</gx:fovy>
            <range>100</range>
            <altitudeMode>absolute</altitudeMode>
        </LookAt>
        <styleUrl>#__managed_style_a</styleUrl>
        <Polygon>
            <outerBoundaryIs>
                <LinearRing>
                    <coordinates>
                        
				-0.5290839883927702,53.26846302527746,0.0 -0.5290889883927702,53.268468025277464,0.0 -0.5290939883927702,53.26846302527746,0.0 -0.5290889883927702,53.26845802527746,0.0 -0.5290839883927702,53.26846302527746,0.0 
			
                    </coordinates>
                </LinearRing>
            </outerBoundaryIs>
        </Polygon>
    </Placemark>
    <Placemark id="WayPoint25">
        <name>WayPoint25</name>
        <description><![CDATA[<div>WayPoint25</div>]]></description>
        <LookAt>
            <longitude>-0.5291980079596929</longitude>
            <latitude>53.26841608068963</latitude>
            <altitude>0.0</altitude>
            <heading>0</heading>
            <tilt>0</tilt>
            <gx:fovy>35</gx:fovy>
            <range>100</range>
            <altitudeMode>absolute</altitudeMode>
        </LookAt>
        <styleUrl>#__managed_style_a</styleUrl>
        <Polygon>
            <outerBoundaryIs>
                <LinearRing>
                    <coordinates>
                        
				-0.5291930079596928,53.26841608068963,0.0 -0.5291980079596929,53.268421080689635,0.0 -0.5292030079596929,53.26841608068963,0.0 -0.5291980079596929,53.26841108068963,0.0 -0.5291930079596928,53.26841608068963,0.0 
			
                    </coordinates>
                </LinearRing>
            </outerBoundaryIs>
        </Polygon>
    </Placemark>
    <Placemark id="WayPoint26">
        <name>WayPoint26</name>
        <description><![CDATA[<div>WayPoint26</div>]]></description>
        <LookAt>
            <longitude>-0.5292858251004968</longitude>
            <latitude>53.268359153631984</latitude>
            <altitude>0.0</altitude>
            <heading>0</heading>
            <tilt>0</tilt>
            <gx:fovy>35</gx:fovy>
            <range>100</range>
            <altitudeMode>absolute</altitudeMode>
        </LookAt>
        <styleUrl>#__managed_style_a</styleUrl>
        <Polygon>
            <outerBoundaryIs>
                <LinearRing>
                    <coordinates>
                        
				-0.5292808251004968,53.268359153631984,0.0 -0.5292858251004968,53.268364153631985,0.0 -0.5292908251004969,53.268359153631984,0.0 -0.5292858251004968,53.26835415363198,0.0 -0.5292808251004968,53.268359153631984,0.0 
			
                    </coordinates>
                </LinearRing>
            </outerBoundaryIs>
        </Polygon>
    </Placemark>
    <Placemark id="WayPoint27">
        <name>WayPoint27</name>
        <description><![CDATA[<div>WayPoint27</div>]]></description>
        <LookAt>
            <longitude>-0.5300722697005045</longitude>
            <latitude>53.26823720562222</latitude>
            <altitude>0.0</altitude>
            <heading>0</heading>
            <tilt>0</tilt>
            <gx:fovy>35</gx:fovy>
            <range>100</range>
            <altitudeMode>absolute</altitudeMode>
        </LookAt>
        <styleUrl>#__managed_style_a</styleUrl>
        <Polygon>
            <outerBoundaryIs>
                <LinearRing>
                    <coordinates>
                        
				-0.5300672697005044,53.26823720562222,0.0 -0.5300722697005045,53.26824220562222,0.0 -0.5300772697005045,53.26823720562222,0.0 -0.5300722697005045,53.26823220562222,0.0 -0.5300672697005044,53.26823720562222,0.0 
			
                    </coordinates>
                </LinearRing>
            </outerBoundaryIs>
        </Polygon>
    </Placemark>
    <Placemark id="WayPoint28">
        <name>WayPoint28</name>
        <description><![CDATA[<div>WayPoint28</div>]]></description>
        <LookAt>
            <longitude>-0.5302122658616147</longitude>
            <latitude>53.268477054694515</latitude>
            <altitude>0.0</altitude>
            <heading>0</heading>
            <tilt>0</tilt>
            <gx:fovy>35</gx:fovy>
            <range>100</range>
            <altitudeMode>absolute</altitudeMode>
        </LookAt>
        <styleUrl>#__managed_style_a</styleUrl>
        <Polygon>
            <outerBoundaryIs>
                <LinearRing>
                    <coordinates>
                        
				-0.5302072658616147,53.268477054694515,0.0 -0.5302122658616147,53.268482054694516,0.0 -0.5302172658616148,53.268477054694515,0.0 -0.5302122658616147,53.26847205469451,0.0 -0.5302072658616147,53.268477054694515,0.0 
			
                    </coordinates>
                </LinearRing>
            </outerBoundaryIs>
        </Polygon>
    </Placemark>
    <Placemark id="WayPoint29">
        <name>WayPoint29</name>
        <description><![CDATA[<div>WayPoint29</div>]]></description>
        <LookAt>
            <longitude>-0.5291270324623307</longitude>
            <latitude>53.26837615081033</latitude>
            <altitude>0.0</altitude>
            <heading>0</heading>
            <tilt>0</tilt>
            <gx:fovy>35</gx:fovy>
            <range>100</range>
            <altitudeMode>absolute</altitudeMode>
        </LookAt>
        <styleUrl>#__managed_style_a</styleUrl>
        <Polygon>
            <outerBoundaryIs>
                <LinearRing>
                    <coordinates>
                        
				-0.5291220324623307,53.26837615081033,0.0 -0.5291270324623307,53.268381150810335,0.0 -0.5291320324623308,53.26837615081033,0.0 -0.5291270324623307,53.26837115081033,0.0 -0.5291220324623307,53.26837615081033,0.0 
			
                    </coordinates>
                </LinearRing>
            </outerBoundaryIs>
        </Polygon>
    </Placemark>
    <Placemark id="WayPoint30">
        <name>WayPoint30</name>
        <description><![CDATA[<div>WayPoint30</div>]]></description>
        <LookAt>
            <longitude>-0.5291679335964038</longitude>
            <latitude>53.26834917116216</latitude>
            <altitude>0.0</altitude>
            <heading>0</heading>
            <tilt>0</tilt>
            <gx:fovy>35</gx:fovy>
            <range>100</range>
            <altitudeMode>absolute</altitudeMode>
        </LookAt>
        <styleUrl>#__managed_style_a</styleUrl>
        <Polygon>
            <outerBoundaryIs>
                <LinearRing>
                    <coordinates>
                        
				-0.5291629335964038,53.26834917116216,0.0 -0.5291679335964038,53.26835417116216,0.0 -0.5291729335964038,53.26834917116216,0.0 -0.5291679335964038,53.268344171162155,0.0 -0.5291629335964038,53.26834917116216,0.0 
			
                    </coordinates>
                </LinearRing>
            </outerBoundaryIs>
        </Polygon>
    </Placemark>
    <Placemark id="WayPoint31">
        <name>WayPoint31</name>
        <description><![CDATA[<div>WayPoint31</div>]]></description>
        <LookAt>
            <longitude>-0.5291390622076464</longitude>
            <latitude>53.26832417002151</latitude>
            <altitude>0.0</altitude>
            <heading>0</heading>
            <tilt>0</tilt>
            <gx:fovy>35</gx:fovy>
            <range>100</range>
            <altitudeMode>absolute</altitudeMode>
        </LookAt>
        <styleUrl>#__managed_style_a</styleUrl>
        <Polygon>
            <outerBoundaryIs>
                <LinearRing>
                    <coordinates>
                        
				-0.5291340622076464,53.26832417002151,0.0 -0.5291390622076464,53.26832917002151,0.0 -0.5291440622076464,53.26832417002151,0.0 -0.5291390622076464,53.268319170021506,0.0 -0.5291340622076464,53.26832417002151,0.0 
			
                    </coordinates>
                </LinearRing>
            </outerBoundaryIs>
        </Polygon>
    </Placemark>
    <Placemark id="WayPoint32">
        <name>WayPoint32</name>
        <description><![CDATA[<div>WayPoint32</div>]]></description>
        <LookAt>
            <longitude>-0.5287363664832065</longitude>
            <latitude>53.268482000963346</latitude>
            <altitude>0.0</altitude>
            <heading>0</heading>
            <tilt>0</tilt>
            <gx:fovy>35</gx:fovy>
            <range>100</range>
            <altitudeMode>absolute</altitudeMode>
        </LookAt>
        <styleUrl>#__managed_style_a</styleUrl>
        <Polygon>
            <outerBoundaryIs>
                <LinearRing>
                    <coordinates>
                        
				-0.5287313664832065,53.268482000963346,0.0 -0.5287363664832065,53.26848700096335,0.0 -0.5287413664832066,53.268482000963346,0.0 -0.5287363664832065,53.268477000963344,0.0 -0.5287313664832065,53.268482000963346,0.0 
			
                    </coordinates>
                </LinearRing>
            </outerBoundaryIs>
        </Polygon>
    </Placemark>
    <Placemark id="WayPoint33">
        <name>WayPoint33</name>
        <description><![CDATA[<div>WayPoint33</div>]]></description>
        <LookAt>
            <longitude>-0.5286862926683302</longitude>
            <latitude>53.26838208633293</latitude>
            <altitude>0.0</altitude>
            <heading>0</heading>
            <tilt>0</tilt>
            <gx:fovy>35</gx:fovy>
            <range>100</range>
            <altitudeMode>absolute</altitudeMode>
        </LookAt>
        <styleUrl>#__managed_style_a</styleUrl>
        <Polygon>
            <outerBoundaryIs>
                <LinearRing>
                    <coordinates>
                        
				-0.5286812926683302,53.26838208633293,0.0 -0.5286862926683302,53.26838708633293,0.0 -0.5286912926683303,53.26838208633293,0.0 -0.5286862926683302,53.268377086332926,0.0 -0.5286812926683302,53.26838208633293,0.0 
			
                    </coordinates>
                </LinearRing>
            </outerBoundaryIs>
        </Polygon>
    </Placemark>
    <Placemark id="WayPoint34">
        <name>WayPoint34</name>
        <description><![CDATA[<div>WayPoint34</div>]]></description>
        <LookAt>
            <longitude>-0.5286843378347165</longitude>
            <latitude>53.268465093717154</latitude>
            <altitude>0.0</altitude>
            <heading>0</heading>
            <tilt>0</tilt>
            <gx:fovy>35</gx:fovy>
            <range>100</range>
            <altitudeMode>absolute</altitudeMode>
        </LookAt>
        <styleUrl>#__managed_style_a</styleUrl>
        <Polygon>
            <outerBoundaryIs>
                <LinearRing>
                    <coordinates>
                        
				-0.5286793378347164,53.268465093717154,0.0 -0.5286843378347165,53.268470093717156,0.0 -0.5286893378347165,53.268465093717154,0.0 -0.5286843378347165,53.26846009371715,0.0 -0.5286793378347164,53.268465093717154,0.0 
			
                    </coordinates>
                </LinearRing>
            </outerBoundaryIs>
        </Polygon>
    </Placemark>
    <Placemark id="WayPoint35">
        <name>WayPoint35</name>
        <description><![CDATA[<div>WayPoint35</div>]]></description>
        <LookAt>
            <longitude>-0.5285914080521534</longitude>
            <latitude>53.2682952118658</latitude>
            <altitude>0.0</altitude>
            <heading>0</heading>
            <tilt>0</tilt>
            <gx:fovy>35</gx:fovy>
            <range>100</range>
            <altitudeMode>absolute</altitudeMode>
        </LookAt>
        <styleUrl>#__managed_style_a</styleUrl>
        <Polygon>
            <outerBoundaryIs>
                <LinearRing>
                    <coordinates>
                        
				-0.5285864080521534,53.2682952118658,0.0 -0.5285914080521534,53.2683002118658,0.0 -0.5285964080521535,53.2682952118658,0.0 -0.5285914080521534,53.268290211865796,0.0 -0.5285864080521534,53.2682952118658,0.0 
			
                    </coordinates>
                </LinearRing>
            </outerBoundaryIs>
        </Polygon>
    </Placemark>
    <Placemark id="WayPoint36">
        <name>WayPoint36</name>
        <description><![CDATA[<div>WayPoint36</div>]]></description>
        <LookAt>
            <longitude>-0.5284995308723055</longitude>
            <latitude>53.268299168880866</latitude>
            <altitude>0.0</altitude>
            <heading>0</heading>
            <tilt>0</tilt>
            <gx:fovy>35</gx:fovy>
            <range>100</range>
            <altitudeMode>absolute</altitudeMode>
        </LookAt>
        <styleUrl>#__managed_style_a</styleUrl>
        <Polygon>
            <outerBoundaryIs>
                <LinearRing>
                    <coordinates>
                        
				-0.5284945308723055,53.268299168880866,0.0 -0.5284995308723055,53.26830416888087,0.0 -0.5285045308723055,53.268299168880866,0.0 -0.5284995308723055,53.268294168880864,0.0 -0.5284945308723055,53.268299168880866,0.0 
			
                    </coordinates>
                </LinearRing>
            </outerBoundaryIs>
        </Polygon>
    </Placemark>
    <Placemark id="WayPoint37">
        <name>WayPoint37</name>
        <description><![CDATA[<div>WayPoint37</div>]]></description>
        <LookAt>
            <longitude>-0.5284066010897425</longitude>
            <latitude>53.26833019547627</latitude>
            <altitude>0.0</altitude>
            <heading>0</heading>
            <tilt>0</tilt>
            <gx:fovy>35</gx:fovy>
            <range>100</range>
            <altitudeMode>absolute</altitudeMode>
        </LookAt>
        <styleUrl>#__managed_style_a</styleUrl>
        <Polygon>
            <outerBoundaryIs>
                <LinearRing>
                    <coordinates>
                        
				-0.5284016010897424,53.26833019547627,0.0 -0.5284066010897425,53.26833519547627,0.0 -0.5284116010897425,53.26833019547627,0.0 -0.5284066010897425,53.268325195476265,0.0 -0.5284016010897424,53.26833019547627,0.0 
			
                    </coordinates>
                </LinearRing>
            </outerBoundaryIs>
        </Polygon>
    </Placemark>
    <Placemark id="WayPoint38">
        <name>WayPoint38</name>
        <description><![CDATA[<div>WayPoint38</div>]]></description>
        <LookAt>
            <longitude>-0.5280338293567751</longitude>
            <latitude>53.26836212139328</latitude>
            <altitude>0.0</altitude>
            <heading>0</heading>
            <tilt>0</tilt>
            <gx:fovy>35</gx:fovy>
            <range>100</range>
            <altitudeMode>absolute</altitudeMode>
        </LookAt>
        <styleUrl>#__managed_style_a</styleUrl>
        <Polygon>
            <outerBoundaryIs>
                <LinearRing>
                    <coordinates>
                        
				-0.5280288293567751,53.26836212139328,0.0 -0.5280338293567751,53.26836712139328,0.0 -0.5280388293567752,53.26836212139328,0.0 -0.5280338293567751,53.26835712139328,0.0 -0.5280288293567751,53.26836212139328,0.0 
			
                    </coordinates>
                </LinearRing>
            </outerBoundaryIs>
        </Polygon>
    </Placemark>
    <Placemark id="WayPoint39">
        <name>WayPoint39</name>
        <description><![CDATA[<div>WayPoint39</div>]]></description>
        <LookAt>
            <longitude>-0.5279908230172718</longitude>
            <latitude>53.26840411971227</latitude>
            <altitude>0.0</altitude>
            <heading>0</heading>
            <tilt>0</tilt>
            <gx:fovy>35</gx:fovy>
            <range>100</range>
            <altitudeMode>absolute</altitudeMode>
        </LookAt>
        <styleUrl>#__managed_style_a</styleUrl>
        <Polygon>
            <outerBoundaryIs>
                <LinearRing>
                    <coordinates>
                        
				-0.5279858230172718,53.26840411971227,0.0 -0.5279908230172718,53.268409119712274,0.0 -0.5279958230172719,53.26840411971227,0.0 -0.5279908230172718,53.26839911971227,0.0 -0.5279858230172718,53.26840411971227,0.0 
			
                    </coordinates>
                </LinearRing>
            </outerBoundaryIs>
        </Polygon>
    </Placemark>
    <Placemark id="WayPoint40">
        <name>WayPoint40</name>
        <description><![CDATA[<div>WayPoint40</div>]]></description>
        <LookAt>
            <longitude>-0.5279529293195278</longitude>
            <latitude>53.26842705241323</latitude>
            <altitude>0.0</altitude>
            <heading>0</heading>
            <tilt>0</tilt>
            <gx:fovy>35</gx:fovy>
            <range>100</range>
            <altitudeMode>absolute</altitudeMode>
        </LookAt>
        <styleUrl>#__managed_style_a</styleUrl>
        <Polygon>
            <outerBoundaryIs>
                <LinearRing>
                    <coordinates>
                        
				-0.5279479293195277,53.26842705241323,0.0 -0.5279529293195278,53.26843205241323,0.0 -0.5279579293195278,53.26842705241323,0.0 -0.5279529293195278,53.26842205241323,0.0 -0.5279479293195277,53.26842705241323,0.0 
			
                    </coordinates>
                </LinearRing>
            </outerBoundaryIs>
        </Polygon>
    </Placemark>
    <Placemark id="WayPoint41">
        <name>WayPoint41</name>
        <description><![CDATA[<div>WayPoint41</div>]]></description>
        <LookAt>
            <longitude>-0.5279039081073666</longitude>
            <latitude>53.26844503884534</latitude>
            <altitude>0.0</altitude>
            <heading>0</heading>
            <tilt>0</tilt>
            <gx:fovy>35</gx:fovy>
            <range>100</range>
            <altitudeMode>absolute</altitudeMode>
        </LookAt>
        <styleUrl>#__managed_style_a</styleUrl>
        <Polygon>
            <outerBoundaryIs>
                <LinearRing>
                    <coordinates>
                        
				-0.5278989081073666,53.26844503884534,0.0 -0.5279039081073666,53.268450038845344,0.0 -0.5279089081073667,53.26844503884534,0.0 -0.5279039081073666,53.26844003884534,0.0 -0.5278989081073666,53.26844503884534,0.0 
			
                    </coordinates>
                </LinearRing>
            </outerBoundaryIs>
        </Polygon>
    </Placemark>
    <Placemark id="WayPoint42">
        <name>WayPoint42</name>
        <description><![CDATA[<div>WayPoint42</div>]]></description>
        <LookAt>
            <longitude>-0.5278240606728343</longitude>
            <latitude>53.26845205355387</latitude>
            <altitude>0.0</altitude>
            <heading>0</heading>
            <tilt>0</tilt>
            <gx:fovy>35</gx:fovy>
            <range>100</range>
            <altitudeMode>absolute</altitudeMode>
        </LookAt>
        <styleUrl>#__managed_style_a</styleUrl>
        <Polygon>
            <outerBoundaryIs>
                <LinearRing>
                    <coordinates>
                        
				-0.5278190606728342,53.26845205355387,0.0 -0.5278240606728343,53.268457053553874,0.0 -0.5278290606728343,53.26845205355387,0.0 -0.5278240606728343,53.26844705355387,0.0 -0.5278190606728342,53.26845205355387,0.0 
			
                    </coordinates>
                </LinearRing>
            </outerBoundaryIs>
        </Polygon>
    </Placemark>
    <Placemark id="WayPoint43">
        <name>WayPoint43</name>
        <description><![CDATA[<div>WayPoint43</div>]]></description>
        <LookAt>
            <longitude>-0.5277191011449556</longitude>
            <latitude>53.268447107285034</latitude>
            <altitude>0.0</altitude>
            <heading>0</heading>
            <tilt>0</tilt>
            <gx:fovy>35</gx:fovy>
            <range>100</range>
            <altitudeMode>absolute</altitudeMode>
        </LookAt>
        <styleUrl>#__managed_style_a</styleUrl>
        <Polygon>
            <outerBoundaryIs>
                <LinearRing>
                    <coordinates>
                        
				-0.5277141011449555,53.268447107285034,0.0 -0.5277191011449556,53.268452107285036,0.0 -0.5277241011449556,53.268447107285034,0.0 -0.5277191011449556,53.26844210728503,0.0 -0.5277141011449555,53.268447107285034,0.0 
			
                    </coordinates>
                </LinearRing>
            </outerBoundaryIs>
        </Polygon>
    </Placemark>
    <Placemark id="WayPoint44">
        <name>WayPoint44</name>
        <description><![CDATA[<div>WayPoint44</div>]]></description>
        <LookAt>
            <longitude>-0.5276780496390661</longitude>
            <latitude>53.26843208861422</latitude>
            <altitude>0.0</altitude>
            <heading>0</heading>
            <tilt>0</tilt>
            <gx:fovy>35</gx:fovy>
            <range>100</range>
            <altitudeMode>absolute</altitudeMode>
        </LookAt>
        <styleUrl>#__managed_style_a</styleUrl>
        <Polygon>
            <outerBoundaryIs>
                <LinearRing>
                    <coordinates>
                        
				-0.527673049639066,53.26843208861422,0.0 -0.5276780496390661,53.26843708861422,0.0 -0.5276830496390661,53.26843208861422,0.0 -0.5276780496390661,53.26842708861422,0.0 -0.527673049639066,53.26843208861422,0.0 
			
                    </coordinates>
                </LinearRing>
            </outerBoundaryIs>
        </Polygon>
    </Placemark>
    <Placemark id="WayPoint45">
        <name>WayPoint45</name>
        <description><![CDATA[<div>WayPoint45</div>]]></description>
        <LookAt>
            <longitude>-0.5276212090924499</longitude>
            <latitude>53.268394137242446</latitude>
            <altitude>0.0</altitude>
            <heading>0</heading>
            <tilt>0</tilt>
            <gx:fovy>35</gx:fovy>
            <range>100</range>
            <altitudeMode>absolute</altitudeMode>
        </LookAt>
        <styleUrl>#__managed_style_a</styleUrl>
        <Polygon>
            <outerBoundaryIs>
                <LinearRing>
                    <coordinates>
                        
				-0.5276162090924499,53.268394137242446,0.0 -0.5276212090924499,53.26839913724245,0.0 -0.52762620909245,53.268394137242446,0.0 -0.5276212090924499,53.268389137242444,0.0 -0.5276162090924499,53.268394137242446,0.0 
			
                    </coordinates>
                </LinearRing>
            </outerBoundaryIs>
        </Polygon>
    </Placemark>
    <Placemark id="WayPoint46">
        <name>WayPoint46</name>
        <description><![CDATA[<div>WayPoint46</div>]]></description>
        <LookAt>
            <longitude>-0.527588127292832</longitude>
            <latitude>53.268377140064096</latitude>
            <altitude>0.0</altitude>
            <heading>0</heading>
            <tilt>0</tilt>
            <gx:fovy>35</gx:fovy>
            <range>100</range>
            <altitudeMode>absolute</altitudeMode>
        </LookAt>
        <styleUrl>#__managed_style_a</styleUrl>
        <Polygon>
            <outerBoundaryIs>
                <LinearRing>
                    <coordinates>
                        
				-0.527583127292832,53.268377140064096,0.0 -0.527588127292832,53.2683821400641,0.0 -0.527593127292832,53.268377140064096,0.0 -0.527588127292832,53.268372140064095,0.0 -0.527583127292832,53.268377140064096,0.0 
			
                    </coordinates>
                </LinearRing>
            </outerBoundaryIs>
        </Polygon>
    </Placemark>
    <Placemark id="WayPoint47">
        <name>WayPoint47</name>
        <description><![CDATA[<div>WayPoint47</div>]]></description>
        <LookAt>
            <longitude>-0.5273454271810896</longitude>
            <latitude>53.268270210725156</latitude>
            <altitude>0.0</altitude>
            <heading>0</heading>
            <tilt>0</tilt>
            <gx:fovy>35</gx:fovy>
            <range>100</range>
            <altitudeMode>absolute</altitudeMode>
        </LookAt>
        <styleUrl>#__managed_style_a</styleUrl>
        <Polygon>
            <outerBoundaryIs>
                <LinearRing>
                    <coordinates>
                        
				-0.5273404271810895,53.268270210725156,0.0 -0.5273454271810896,53.26827521072516,0.0 -0.5273504271810896,53.268270210725156,0.0 -0.5273454271810896,53.268265210725154,0.0 -0.5273404271810895,53.268270210725156,0.0 
			
                    </coordinates>
                </LinearRing>
            </outerBoundaryIs>
        </Polygon>
    </Placemark>
    <Placemark id="WayPoint48">
        <name>WayPoint48</name>
        <description><![CDATA[<div>WayPoint48</div>]]></description>
        <LookAt>
            <longitude>-0.5272923459298846</longitude>
            <latitude>53.26825519205433</latitude>
            <altitude>0.0</altitude>
            <heading>0</heading>
            <tilt>0</tilt>
            <gx:fovy>35</gx:fovy>
            <range>100</range>
            <altitudeMode>absolute</altitudeMode>
        </LookAt>
        <styleUrl>#__managed_style_a</styleUrl>
        <Polygon>
            <outerBoundaryIs>
                <LinearRing>
                    <coordinates>
                        
				-0.5272873459298846,53.26825519205433,0.0 -0.5272923459298846,53.268260192054335,0.0 -0.5272973459298846,53.26825519205433,0.0 -0.5272923459298846,53.26825019205433,0.0 -0.5272873459298846,53.26825519205433,0.0 
			
                    </coordinates>
                </LinearRing>
            </outerBoundaryIs>
        </Polygon>
    </Placemark>
    <Placemark id="WayPoint49">
        <name>WayPoint49</name>
        <description><![CDATA[<div>WayPoint49</div>]]></description>
        <LookAt>
            <longitude>-0.5272864814290432</longitude>
            <latitude>53.26821526217503</latitude>
            <altitude>0.0</altitude>
            <heading>0</heading>
            <tilt>0</tilt>
            <gx:fovy>35</gx:fovy>
            <range>100</range>
            <altitudeMode>absolute</altitudeMode>
        </LookAt>
        <styleUrl>#__managed_style_a</styleUrl>
        <Polygon>
            <outerBoundaryIs>
                <LinearRing>
                    <coordinates>
                        
				-0.5272814814290432,53.26821526217503,0.0 -0.5272864814290432,53.268220262175035,0.0 -0.5272914814290433,53.26821526217503,0.0 -0.5272864814290432,53.26821026217503,0.0 -0.5272814814290432,53.26821526217503,0.0 
			
                    </coordinates>
                </LinearRing>
            </outerBoundaryIs>
        </Polygon>
    </Placemark>
    <Placemark id="WayPoint50">
        <name>WayPoint50</name>
        <description><![CDATA[<div>WayPoint50</div>]]></description>
        <LookAt>
            <longitude>-0.5272643767720258</longitude>
            <latitude>53.26813630173803</latitude>
            <altitude>0.0</altitude>
            <heading>0</heading>
            <tilt>0</tilt>
            <gx:fovy>35</gx:fovy>
            <range>100</range>
            <altitudeMode>absolute</altitudeMode>
        </LookAt>
        <styleUrl>#__managed_style_a</styleUrl>
        <Polygon>
            <outerBoundaryIs>
                <LinearRing>
                    <coordinates>
                        
				-0.5272593767720257,53.26813630173803,0.0 -0.5272643767720258,53.268141301738034,0.0 -0.5272693767720258,53.26813630173803,0.0 -0.5272643767720258,53.26813130173803,0.0 -0.5272593767720257,53.26813630173803,0.0 
			
                    </coordinates>
                </LinearRing>
            </outerBoundaryIs>
        </Polygon>
    </Placemark>
    <Placemark id="WayPoint51">
        <name>WayPoint51</name>
        <description><![CDATA[<div>WayPoint51</div>]]></description>
        <LookAt>
            <longitude>-0.5272334001778382</longitude>
            <latitude>53.268138280245566</latitude>
            <altitude>0.0</altitude>
            <heading>0</heading>
            <tilt>0</tilt>
            <gx:fovy>35</gx:fovy>
            <range>100</range>
            <altitudeMode>absolute</altitudeMode>
        </LookAt>
        <styleUrl>#__managed_style_a</styleUrl>
        <Polygon>
            <outerBoundaryIs>
                <LinearRing>
                    <coordinates>
                        
				-0.5272284001778381,53.268138280245566,0.0 -0.5272334001778382,53.26814328024557,0.0 -0.5272384001778382,53.268138280245566,0.0 -0.5272334001778382,53.268133280245564,0.0 -0.5272284001778381,53.268138280245566,0.0 
			
                    </coordinates>
                </LinearRing>
            </outerBoundaryIs>
        </Polygon>
    </Placemark>
    <Placemark id="WayPoint52">
        <name>WayPoint52</name>
        <description><![CDATA[<div>WayPoint52</div>]]></description>
        <LookAt>
            <longitude>-0.5268547639440294</longitude>
            <latitude>53.268168317587204</latitude>
            <altitude>0.0</altitude>
            <heading>0</heading>
            <tilt>0</tilt>
            <gx:fovy>35</gx:fovy>
            <range>100</range>
            <altitudeMode>absolute</altitudeMode>
        </LookAt>
        <styleUrl>#__managed_style_a</styleUrl>
        <Polygon>
            <outerBoundaryIs>
                <LinearRing>
                    <coordinates>
                        
				-0.5268497639440294,53.268168317587204,0.0 -0.5268547639440294,53.268173317587205,0.0 -0.5268597639440294,53.268168317587204,0.0 -0.5268547639440294,53.2681633175872,0.0 -0.5268497639440294,53.268168317587204,0.0 
			
                    </coordinates>
                </LinearRing>
            </outerBoundaryIs>
        </Polygon>
    </Placemark>
    <Placemark id="WayPoint53">
        <name>WayPoint53</name>
        <description><![CDATA[<div>WayPoint53</div>]]></description>
        <LookAt>
            <longitude>-0.5268747633956167</longitude>
            <latitude>53.26824125256944</latitude>
            <altitude>0.0</altitude>
            <heading>0</heading>
            <tilt>0</tilt>
            <gx:fovy>35</gx:fovy>
            <range>100</range>
            <altitudeMode>absolute</altitudeMode>
        </LookAt>
        <styleUrl>#__managed_style_a</styleUrl>
        <Polygon>
            <outerBoundaryIs>
                <LinearRing>
                    <coordinates>
                        
				-0.5268697633956166,53.26824125256944,0.0 -0.5268747633956167,53.26824625256944,0.0 -0.5268797633956167,53.26824125256944,0.0 -0.5268747633956167,53.26823625256944,0.0 -0.5268697633956166,53.26824125256944,0.0 
			
                    </coordinates>
                </LinearRing>
            </outerBoundaryIs>
        </Polygon>
    </Placemark>
    <Placemark id="WayPoint54">
        <name>WayPoint54</name>
        <description><![CDATA[<div>WayPoint54</div>]]></description>
        <LookAt>
            <longitude>-0.5267278501309498</longitude>
            <latitude>53.26825420280057</latitude>
            <altitude>0.0</altitude>
            <heading>0</heading>
            <tilt>0</tilt>
            <gx:fovy>35</gx:fovy>
            <range>100</range>
            <altitudeMode>absolute</altitudeMode>
        </LookAt>
        <styleUrl>#__managed_style_a</styleUrl>
        <Polygon>
            <outerBoundaryIs>
                <LinearRing>
                    <coordinates>
                        
				-0.5267228501309498,53.26825420280057,0.0 -0.5267278501309498,53.26825920280057,0.0 -0.5267328501309498,53.26825420280057,0.0 -0.5267278501309498,53.26824920280057,0.0 -0.5267228501309498,53.26825420280057,0.0 
			
                    </coordinates>
                </LinearRing>
            </outerBoundaryIs>
        </Polygon>
    </Placemark>
    <Placemark id="WayPoint55">
        <name>WayPoint55</name>
        <description><![CDATA[<div>WayPoint55</div>]]></description>
        <LookAt>
            <longitude>-0.5267048432430337</longitude>
            <latitude>53.268179289310794</latitude>
            <altitude>0.0</altitude>
            <heading>0</heading>
            <tilt>0</tilt>
            <gx:fovy>35</gx:fovy>
            <range>100</range>
            <altitudeMode>absolute</altitudeMode>
        </LookAt>
        <styleUrl>#__managed_style_a</styleUrl>
        <Polygon>
            <outerBoundaryIs>
                <LinearRing>
                    <coordinates>
                        
				-0.5266998432430336,53.268179289310794,0.0 -0.5267048432430337,53.268184289310796,0.0 -0.5267098432430337,53.268179289310794,0.0 -0.5267048432430337,53.26817428931079,0.0 -0.5266998432430336,53.268179289310794,0.0 
			
                    </coordinates>
                </LinearRing>
            </outerBoundaryIs>
        </Polygon>
    </Placemark>
    <Placemark id="WayPoint56">
        <name>WayPoint56</name>
        <description><![CDATA[<div>WayPoint56</div>]]></description>
        <LookAt>
            <longitude>-0.5266908586641043</longitude>
            <latitude>53.268131265537036</latitude>
            <altitude>0.0</altitude>
            <heading>0</heading>
            <tilt>0</tilt>
            <gx:fovy>35</gx:fovy>
            <range>100</range>
            <altitudeMode>absolute</altitudeMode>
        </LookAt>
        <styleUrl>#__managed_style_a</styleUrl>
        <Polygon>
            <outerBoundaryIs>
                <LinearRing>
                    <coordinates>
                        
				-0.5266858586641042,53.268131265537036,0.0 -0.5266908586641043,53.26813626553704,0.0 -0.5266958586641043,53.268131265537036,0.0 -0.5266908586641043,53.268126265537035,0.0 -0.5266858586641042,53.268131265537036,0.0 
			
                    </coordinates>
                </LinearRing>
            </outerBoundaryIs>
        </Polygon>
    </Placemark>
    <Placemark id="WayPoint57">
        <name>WayPoint57</name>
        <description><![CDATA[<div>WayPoint57</div>]]></description>
        <LookAt>
            <longitude>-0.5266837911887313</longitude>
            <latitude>53.26810131812756</latitude>
            <altitude>0.0</altitude>
            <heading>0</heading>
            <tilt>0</tilt>
            <gx:fovy>35</gx:fovy>
            <range>100</range>
            <altitudeMode>absolute</altitudeMode>
        </LookAt>
        <styleUrl>#__managed_style_a</styleUrl>
        <Polygon>
            <outerBoundaryIs>
                <LinearRing>
                    <coordinates>
                        
				-0.5266787911887313,53.26810131812756,0.0 -0.5266837911887313,53.268106318127565,0.0 -0.5266887911887314,53.26810131812756,0.0 -0.5266837911887313,53.26809631812756,0.0 -0.5266787911887313,53.26810131812756,0.0 
			
                    </coordinates>
                </LinearRing>
            </outerBoundaryIs>
        </Polygon>
    </Placemark>
    <Placemark id="WayPoint58">
        <name>WayPoint58</name>
        <description><![CDATA[<div>WayPoint58</div>]]></description>
        <LookAt>
            <longitude>-0.526673866648846</longitude>
            <latitude>53.26813234472297</latitude>
            <altitude>0.0</altitude>
            <heading>0</heading>
            <tilt>0</tilt>
            <gx:fovy>35</gx:fovy>
            <range>100</range>
            <altitudeMode>absolute</altitudeMode>
        </LookAt>
        <styleUrl>#__managed_style_a</styleUrl>
        <Polygon>
            <outerBoundaryIs>
                <LinearRing>
                    <coordinates>
                        
				-0.5266688666488459,53.26813234472297,0.0 -0.526673866648846,53.26813734472297,0.0 -0.526678866648846,53.26813234472297,0.0 -0.526673866648846,53.26812734472297,0.0 -0.5266688666488459,53.26813234472297,0.0 
			
                    </coordinates>
                </LinearRing>
            </outerBoundaryIs>
        </Polygon>
    </Placemark>
    <Placemark id="WayPoint59">
        <name>WayPoint59</name>
        <description><![CDATA[<div>WayPoint59</div>]]></description>
        <LookAt>
            <longitude>-0.5272864814290432</longitude>
            <latitude>53.26811031134362</latitude>
            <altitude>0.0</altitude>
            <heading>0</heading>
            <tilt>0</tilt>
            <gx:fovy>35</gx:fovy>
            <range>100</range>
            <altitudeMode>absolute</altitudeMode>
        </LookAt>
        <styleUrl>#__managed_style_a</styleUrl>
        <Polygon>
            <outerBoundaryIs>
                <LinearRing>
                    <coordinates>
                        
				-0.5272814814290432,53.26811031134362,0.0 -0.5272864814290432,53.26811531134362,0.0 -0.5272914814290433,53.26811031134362,0.0 -0.5272864814290432,53.26810531134362,0.0 -0.5272814814290432,53.26811031134362,0.0 
			
                    </coordinates>
                </LinearRing>
            </outerBoundaryIs>
        </Polygon>
    </Placemark>
    <Placemark id="WayPoint60">
        <name>WayPoint60</name>
        <description><![CDATA[<div>WayPoint60</div>]]></description>
        <LookAt>
            <longitude>-0.5272564070657542</longitude>
            <latitude>53.26792145380638</latitude>
            <altitude>0.0</altitude>
            <heading>0</heading>
            <tilt>0</tilt>
            <gx:fovy>35</gx:fovy>
            <range>100</range>
            <altitudeMode>absolute</altitudeMode>
        </LookAt>
        <styleUrl>#__managed_style_a</styleUrl>
        <Polygon>
            <outerBoundaryIs>
                <LinearRing>
                    <coordinates>
                        
				-0.5272514070657541,53.26792145380638,0.0 -0.5272564070657542,53.26792645380638,0.0 -0.5272614070657542,53.26792145380638,0.0 -0.5272564070657542,53.26791645380638,0.0 -0.5272514070657541,53.26792145380638,0.0 
			
                    </coordinates>
                </LinearRing>
            </outerBoundaryIs>
        </Polygon>
    </Placemark>
    <Placemark id="WayPoint61">
        <name>WayPoint61</name>
        <description><![CDATA[<div>WayPoint61</div>]]></description>
        <LookAt>
            <longitude>-0.5272533996294253</longitude>
            <latitude>53.267908503575256</latitude>
            <altitude>0.0</altitude>
            <heading>0</heading>
            <tilt>0</tilt>
            <gx:fovy>35</gx:fovy>
            <range>100</range>
            <altitudeMode>absolute</altitudeMode>
        </LookAt>
        <styleUrl>#__managed_style_a</styleUrl>
        <Polygon>
            <outerBoundaryIs>
                <LinearRing>
                    <coordinates>
                        
				-0.5272483996294253,53.267908503575256,0.0 -0.5272533996294253,53.26791350357526,0.0 -0.5272583996294253,53.267908503575256,0.0 -0.5272533996294253,53.267903503575255,0.0 -0.5272483996294253,53.267908503575256,0.0 
			
                    </coordinates>
                </LinearRing>
            </outerBoundaryIs>
        </Polygon>
    </Placemark>
    <Placemark id="WayPoint62">
        <name>WayPoint62</name>
        <description><![CDATA[<div>WayPoint62</div>]]></description>
        <LookAt>
            <longitude>-0.5271815219011645</longitude>
            <latitude>53.2679284685149</latitude>
            <altitude>0.0</altitude>
            <heading>0</heading>
            <tilt>0</tilt>
            <gx:fovy>35</gx:fovy>
            <range>100</range>
            <altitudeMode>absolute</altitudeMode>
        </LookAt>
        <styleUrl>#__managed_style_a</styleUrl>
        <Polygon>
            <outerBoundaryIs>
                <LinearRing>
                    <coordinates>
                        
				-0.5271765219011645,53.2679284685149,0.0 -0.5271815219011645,53.267933468514904,0.0 -0.5271865219011646,53.2679284685149,0.0 -0.5271815219011645,53.2679234685149,0.0 -0.5271765219011645,53.2679284685149,0.0 
			
                    </coordinates>
                </LinearRing>
            </outerBoundaryIs>
        </Polygon>
    </Placemark>
    <Placemark id="WayPoint63">
        <name>WayPoint63</name>
        <description><![CDATA[<div>WayPoint63</div>]]></description>
        <LookAt>
            <longitude>-0.5271555075769195</longitude>
            <latitude>53.267930447022444</latitude>
            <altitude>0.0</altitude>
            <heading>0</heading>
            <tilt>0</tilt>
            <gx:fovy>35</gx:fovy>
            <range>100</range>
            <altitudeMode>absolute</altitudeMode>
        </LookAt>
        <styleUrl>#__managed_style_a</styleUrl>
        <Polygon>
            <outerBoundaryIs>
                <LinearRing>
                    <coordinates>
                        
				-0.5271505075769195,53.267930447022444,0.0 -0.5271555075769195,53.267935447022445,0.0 -0.5271605075769196,53.267930447022444,0.0 -0.5271555075769195,53.26792544702244,0.0 -0.5271505075769195,53.267930447022444,0.0 
			
                    </coordinates>
                </LinearRing>
            </outerBoundaryIs>
        </Polygon>
    </Placemark>
    <Placemark id="WayPoint64">
        <name>WayPoint64</name>
        <description><![CDATA[<div>WayPoint64</div>]]></description>
        <LookAt>
            <longitude>-0.5272034761863654</longitude>
            <latitude>53.26801039671321</latitude>
            <altitude>0.0</altitude>
            <heading>0</heading>
            <tilt>0</tilt>
            <gx:fovy>35</gx:fovy>
            <range>100</range>
            <altitudeMode>absolute</altitudeMode>
        </LookAt>
        <styleUrl>#__managed_style_a</styleUrl>
        <Polygon>
            <outerBoundaryIs>
                <LinearRing>
                    <coordinates>
                        
				-0.5271984761863654,53.26801039671321,0.0 -0.5272034761863654,53.26801539671321,0.0 -0.5272084761863655,53.26801039671321,0.0 -0.5272034761863654,53.26800539671321,0.0 -0.5271984761863654,53.26801039671321,0.0 
			
                    </coordinates>
                </LinearRing>
            </outerBoundaryIs>
        </Polygon>
    </Placemark>
    <Placemark id="WayPoint65">
        <name>WayPoint65</name>
        <description><![CDATA[<div>WayPoint65</div>]]></description>
        <LookAt>
            <longitude>-0.5271765596312219</longitude>
            <latitude>53.268013364474506</latitude>
            <altitude>0.0</altitude>
            <heading>0</heading>
            <tilt>0</tilt>
            <gx:fovy>35</gx:fovy>
            <range>100</range>
            <altitudeMode>absolute</altitudeMode>
        </LookAt>
        <styleUrl>#__managed_style_a</styleUrl>
        <Polygon>
            <outerBoundaryIs>
                <LinearRing>
                    <coordinates>
                        
				-0.5271715596312219,53.268013364474506,0.0 -0.5271765596312219,53.26801836447451,0.0 -0.5271815596312219,53.268013364474506,0.0 -0.5271765596312219,53.268008364474504,0.0 -0.5271715596312219,53.268013364474506,0.0 
			
                    </coordinates>
                </LinearRing>
            </outerBoundaryIs>
        </Polygon>
    </Placemark>
    <Placemark id="WayPoint66">
        <name>WayPoint66</name>
        <description><![CDATA[<div>WayPoint66</div>]]></description>
        <LookAt>
            <longitude>-0.5272764065173413</longitude>
            <latitude>53.26829620111956</latitude>
            <altitude>0.0</altitude>
            <heading>0</heading>
            <tilt>0</tilt>
            <gx:fovy>35</gx:fovy>
            <range>100</range>
            <altitudeMode>absolute</altitudeMode>
        </LookAt>
        <styleUrl>#__managed_style_a</styleUrl>
        <Polygon>
            <outerBoundaryIs>
                <LinearRing>
                    <coordinates>
                        
				-0.5272714065173413,53.26829620111956,0.0 -0.5272764065173413,53.26830120111956,0.0 -0.5272814065173413,53.26829620111956,0.0 -0.5272764065173413,53.26829120111956,0.0 -0.5272714065173413,53.26829620111956,0.0 
			
                    </coordinates>
                </LinearRing>
            </outerBoundaryIs>
        </Polygon>
    </Placemark>
    <Placemark id="WayPoint67">
        <name>WayPoint67</name>
        <description><![CDATA[<div>WayPoint67</div>]]></description>
        <LookAt>
            <longitude>-0.5271854315683921</longitude>
            <latitude>53.26832120226021</latitude>
            <altitude>0.0</altitude>
            <heading>0</heading>
            <tilt>0</tilt>
            <gx:fovy>35</gx:fovy>
            <range>100</range>
            <altitudeMode>absolute</altitudeMode>
        </LookAt>
        <styleUrl>#__managed_style_a</styleUrl>
        <Polygon>
            <outerBoundaryIs>
                <LinearRing>
                    <coordinates>
                        
				-0.5271804315683921,53.26832120226021,0.0 -0.5271854315683921,53.26832620226021,0.0 -0.5271904315683922,53.26832120226021,0.0 -0.5271854315683921,53.26831620226021,0.0 -0.5271804315683921,53.26832120226021,0.0 
			
                    </coordinates>
                </LinearRing>
            </outerBoundaryIs>
        </Polygon>
    </Placemark>
    <Placemark id="WayPoint68">
        <name>WayPoint68</name>
        <description><![CDATA[<div>WayPoint68</div>]]></description>
        <LookAt>
            <longitude>-0.5270915995549305</longitude>
            <latitude>53.268335141745105</latitude>
            <altitude>0.0</altitude>
            <heading>0</heading>
            <tilt>0</tilt>
            <gx:fovy>35</gx:fovy>
            <range>100</range>
            <altitudeMode>absolute</altitudeMode>
        </LookAt>
        <styleUrl>#__managed_style_a</styleUrl>
        <Polygon>
            <outerBoundaryIs>
                <LinearRing>
                    <coordinates>
                        
				-0.5270865995549304,53.268335141745105,0.0 -0.5270915995549305,53.26834014174511,0.0 -0.5270965995549305,53.268335141745105,0.0 -0.5270915995549305,53.2683301417451,0.0 -0.5270865995549304,53.268335141745105,0.0 
			
                    </coordinates>
                </LinearRing>
            </outerBoundaryIs>
        </Polygon>
    </Placemark>
    <Placemark id="WayPoint69">
        <name>WayPoint69</name>
        <description><![CDATA[<div>WayPoint69</div>]]></description>
        <LookAt>
            <longitude>-0.5269986697723673</longitude>
            <latitude>53.26834413496116</latitude>
            <altitude>0.0</altitude>
            <heading>0</heading>
            <tilt>0</tilt>
            <gx:fovy>35</gx:fovy>
            <range>100</range>
            <altitudeMode>absolute</altitudeMode>
        </LookAt>
        <styleUrl>#__managed_style_a</styleUrl>
        <Polygon>
            <outerBoundaryIs>
                <LinearRing>
                    <coordinates>
                        
				-0.5269936697723673,53.26834413496116,0.0 -0.5269986697723673,53.26834913496116,0.0 -0.5270036697723673,53.26834413496116,0.0 -0.5269986697723673,53.26833913496116,0.0 -0.5269936697723673,53.26834413496116,0.0 
			
                    </coordinates>
                </LinearRing>
            </outerBoundaryIs>
        </Polygon>
    </Placemark>
    <Placemark id="WayPoint70">
        <name>WayPoint70</name>
        <description><![CDATA[<div>WayPoint70</div>]]></description>
        <LookAt>
            <longitude>-0.5269466411238773</longitude>
            <latitude>53.26835016041592</latitude>
            <altitude>0.0</altitude>
            <heading>0</heading>
            <tilt>0</tilt>
            <gx:fovy>35</gx:fovy>
            <range>100</range>
            <altitudeMode>absolute</altitudeMode>
        </LookAt>
        <styleUrl>#__managed_style_a</styleUrl>
        <Polygon>
            <outerBoundaryIs>
                <LinearRing>
                    <coordinates>
                        
				-0.5269416411238773,53.26835016041592,0.0 -0.5269466411238773,53.26835516041592,0.0 -0.5269516411238774,53.26835016041592,0.0 -0.5269466411238773,53.26834516041592,0.0 -0.5269416411238773,53.26835016041592,0.0 
			
                    </coordinates>
                </LinearRing>
            </outerBoundaryIs>
        </Polygon>
    </Placemark>
    <Placemark id="WayPoint71">
        <name>WayPoint71</name>
        <description><![CDATA[<div>WayPoint71</div>]]></description>
        <LookAt>
            <longitude>-0.527007692081354</longitude>
            <latitude>53.26841805919717</latitude>
            <altitude>0.0</altitude>
            <heading>0</heading>
            <tilt>0</tilt>
            <gx:fovy>35</gx:fovy>
            <range>100</range>
            <altitudeMode>absolute</altitudeMode>
        </LookAt>
        <styleUrl>#__managed_style_a</styleUrl>
        <Polygon>
            <outerBoundaryIs>
                <LinearRing>
                    <coordinates>
                        
				-0.527002692081354,53.26841805919717,0.0 -0.527007692081354,53.26842305919717,0.0 -0.527012692081354,53.26841805919717,0.0 -0.527007692081354,53.268413059197165,0.0 -0.527002692081354,53.26841805919717,0.0 
			
                    </coordinates>
                </LinearRing>
            </outerBoundaryIs>
        </Polygon>
    </Placemark>
    <Placemark id="WayPoint72">
        <name>WayPoint72</name>
        <description><![CDATA[<div>WayPoint72</div>]]></description>
        <LookAt>
            <longitude>-0.5270655852306854</longitude>
            <latitude>53.26845807900863</latitude>
            <altitude>0.0</altitude>
            <heading>0</heading>
            <tilt>0</tilt>
            <gx:fovy>35</gx:fovy>
            <range>100</range>
            <altitudeMode>absolute</altitudeMode>
        </LookAt>
        <styleUrl>#__managed_style_a</styleUrl>
        <Polygon>
            <outerBoundaryIs>
                <LinearRing>
                    <coordinates>
                        
				-0.5270605852306853,53.26845807900863,0.0 -0.5270655852306854,53.26846307900863,0.0 -0.5270705852306854,53.26845807900863,0.0 -0.5270655852306854,53.26845307900863,0.0 -0.5270605852306853,53.26845807900863,0.0 
			
                    </coordinates>
                </LinearRing>
            </outerBoundaryIs>
        </Polygon>
    </Placemark>
    <Placemark id="WayPoint73">
        <name>WayPoint73</name>
        <description><![CDATA[<div>WayPoint73</div>]]></description>
        <LookAt>
            <longitude>-0.5276281261960063</longitude>
            <latitude>53.26843307786799</latitude>
            <altitude>0.0</altitude>
            <heading>0</heading>
            <tilt>0</tilt>
            <gx:fovy>35</gx:fovy>
            <range>100</range>
            <altitudeMode>absolute</altitudeMode>
        </LookAt>
        <styleUrl>#__managed_style_a</styleUrl>
        <Polygon>
            <outerBoundaryIs>
                <LinearRing>
                    <coordinates>
                        
				-0.5276231261960063,53.26843307786799,0.0 -0.5276281261960063,53.26843807786799,0.0 -0.5276331261960063,53.26843307786799,0.0 -0.5276281261960063,53.26842807786799,0.0 -0.5276231261960063,53.26843307786799,0.0 
			
                    </coordinates>
                </LinearRing>
            </outerBoundaryIs>
        </Polygon>
    </Placemark>
    <Placemark id="WayPoint74">
        <name>WayPoint74</name>
        <description><![CDATA[<div>WayPoint74</div>]]></description>
        <LookAt>
            <longitude>-0.5265239459478502</longitude>
            <latitude>53.26838613328016</latitude>
            <altitude>0.0</altitude>
            <heading>0</heading>
            <tilt>0</tilt>
            <gx:fovy>35</gx:fovy>
            <range>100</range>
            <altitudeMode>absolute</altitudeMode>
        </LookAt>
        <styleUrl>#__managed_style_a</styleUrl>
        <Polygon>
            <outerBoundaryIs>
                <LinearRing>
                    <coordinates>
                        
				-0.5265189459478502,53.26838613328016,0.0 -0.5265239459478502,53.26839113328016,0.0 -0.5265289459478503,53.26838613328016,0.0 -0.5265239459478502,53.26838113328016,0.0 -0.5265189459478502,53.26838613328016,0.0 
			
                    </coordinates>
                </LinearRing>
            </outerBoundaryIs>
        </Polygon>
    </Placemark>
    <Placemark id="WayPoint75">
        <name>WayPoint75</name>
        <description><![CDATA[<div>WayPoint75</div>]]></description>
        <LookAt>
            <longitude>-0.5265349230904508</longitude>
            <latitude>53.26843208861422</latitude>
            <altitude>0.0</altitude>
            <heading>0</heading>
            <tilt>0</tilt>
            <gx:fovy>35</gx:fovy>
            <range>100</range>
            <altitudeMode>absolute</altitudeMode>
        </LookAt>
        <styleUrl>#__managed_style_a</styleUrl>
        <Polygon>
            <outerBoundaryIs>
                <LinearRing>
                    <coordinates>
                        
				-0.5265299230904508,53.26843208861422,0.0 -0.5265349230904508,53.26843708861422,0.0 -0.5265399230904508,53.26843208861422,0.0 -0.5265349230904508,53.26842708861422,0.0 -0.5265299230904508,53.26843208861422,0.0 
			
                    </coordinates>
                </LinearRing>
            </outerBoundaryIs>
        </Polygon>
    </Placemark>
    <Placemark id="WayPoint76">
        <name>WayPoint76</name>
        <description><![CDATA[<div>WayPoint76</div>]]></description>
        <LookAt>
            <longitude>-0.5261702714355715</longitude>
            <latitude>53.26846203602369</latitude>
            <altitude>0.0</altitude>
            <heading>0</heading>
            <tilt>0</tilt>
            <gx:fovy>35</gx:fovy>
            <range>100</range>
            <altitudeMode>absolute</altitudeMode>
        </LookAt>
        <styleUrl>#__managed_style_a</styleUrl>
        <Polygon>
            <outerBoundaryIs>
                <LinearRing>
                    <coordinates>
                        
				-0.5261652714355715,53.26846203602369,0.0 -0.5261702714355715,53.268467036023694,0.0 -0.5261752714355715,53.26846203602369,0.0 -0.5261702714355715,53.26845703602369,0.0 -0.5261652714355715,53.26846203602369,0.0 
			
                    </coordinates>
                </LinearRing>
            </outerBoundaryIs>
        </Polygon>
    </Placemark>
    <Placemark id="WayPoint77">
        <name>WayPoint77</name>
        <description><![CDATA[<div>WayPoint77</div>]]></description>
        <LookAt>
            <longitude>-0.5261571890875407</longitude>
            <latitude>53.26841904845093</latitude>
            <altitude>0.0</altitude>
            <heading>0</heading>
            <tilt>0</tilt>
            <gx:fovy>35</gx:fovy>
            <range>100</range>
            <altitudeMode>absolute</altitudeMode>
        </LookAt>
        <styleUrl>#__managed_style_a</styleUrl>
        <Polygon>
            <outerBoundaryIs>
                <LinearRing>
                    <coordinates>
                        
				-0.5261521890875407,53.26841904845093,0.0 -0.5261571890875407,53.26842404845093,0.0 -0.5261621890875408,53.26841904845093,0.0 -0.5261571890875407,53.26841404845093,0.0 -0.5261521890875407,53.26841904845093,0.0 
			
                    </coordinates>
                </LinearRing>
            </outerBoundaryIs>
        </Polygon>
    </Placemark>
    <Placemark id="WayPoint78">
        <name>WayPoint78</name>
        <description><![CDATA[<div>WayPoint78</div>]]></description>
        <LookAt>
            <longitude>-0.5261093708499112</longitude>
            <latitude>53.2685300247371</latitude>
            <altitude>0.0</altitude>
            <heading>0</heading>
            <tilt>0</tilt>
            <gx:fovy>35</gx:fovy>
            <range>100</range>
            <altitudeMode>absolute</altitudeMode>
        </LookAt>
        <styleUrl>#__managed_style_a</styleUrl>
        <Polygon>
            <outerBoundaryIs>
                <LinearRing>
                    <coordinates>
                        
				-0.5261043708499111,53.2685300247371,0.0 -0.5261093708499112,53.268535024737105,0.0 -0.5261143708499112,53.2685300247371,0.0 -0.5261093708499112,53.2685250247371,0.0 -0.5261043708499111,53.2685300247371,0.0 
			
                    </coordinates>
                </LinearRing>
            </outerBoundaryIs>
        </Polygon>
    </Placemark>
    <Placemark id="WayPoint1_WayPoint2">
        <name>WayPoint1_WayPoint2</name>
        <description><![CDATA[<div>WayPoint1_WayPoint2</div>]]></description>
        <LookAt>
            <longitude>-0.5279888681836581</longitude>
            <latitude>53.268197770369795</latitude>
            <altitude>0.0</altitude>
            <heading>0</heading>
            <tilt>0</tilt>
            <gx:fovy>35</gx:fovy>
            <range>100</range>
            <altitudeMode>absolute</altitudeMode>
        </LookAt>
        <styleUrl>#__managed_style_a</styleUrl>
        <Polygon>
            <outerBoundaryIs>
                <LinearRing>
                    <coordinates>
                        
				-0.528039844229433,53.268168317587204,0.0 -0.5279378921378832,53.268227223152394,0.0 -0.528039844229433,53.268168317587204,0.0 
			
                    </coordinates>
                </LinearRing>
            </outerBoundaryIs>
        </Polygon>
    </Placemark>
    <Placemark id="WayPoint2_WayPoint3">
        <name>WayPoint2_WayPoint3</name>
        <description><![CDATA[<div>WayPoint2_WayPoint3</div>]]></description>
        <LookAt>
            <longitude>-0.5279129304163533</longitude>
            <latitude>53.26819174491504</latitude>
            <altitude>0.0</altitude>
            <heading>0</heading>
            <tilt>0</tilt>
            <gx:fovy>35</gx:fovy>
            <range>100</range>
            <altitudeMode>absolute</altitudeMode>
        </LookAt>
        <styleUrl>#__managed_style_a</styleUrl>
        <Polygon>
            <outerBoundaryIs>
                <LinearRing>
                    <coordinates>
                        
				-0.5279378921378832,53.268227223152394,0.0 -0.5278879686948235,53.268156266677686,0.0 -0.5279378921378832,53.268227223152394,0.0 
			
                    </coordinates>
                </LinearRing>
            </outerBoundaryIs>
        </Polygon>
    </Placemark>
    <Placemark id="WayPoint2_WayPoint4">
        <name>WayPoint2_WayPoint4</name>
        <description><![CDATA[<div>WayPoint2_WayPoint4</div>]]></description>
        <LookAt>
            <longitude>-0.5280028527625875</longitude>
            <latitude>53.26826369064351</latitude>
            <altitude>0.0</altitude>
            <heading>0</heading>
            <tilt>0</tilt>
            <gx:fovy>35</gx:fovy>
            <range>100</range>
            <altitudeMode>absolute</altitudeMode>
        </LookAt>
        <styleUrl>#__managed_style_a</styleUrl>
        <Polygon>
            <outerBoundaryIs>
                <LinearRing>
                    <coordinates>
                        
				-0.5279378921378832,53.268227223152394,0.0 -0.5280678133872917,53.26830015813463,0.0 -0.5279378921378832,53.268227223152394,0.0 
			
                    </coordinates>
                </LinearRing>
            </outerBoundaryIs>
        </Polygon>
    </Placemark>
    <Placemark id="WayPoint1_WayPoint2">
        <name>WayPoint1_WayPoint2</name>
        <description><![CDATA[<div>WayPoint1_WayPoint2</div>]]></description>
        <LookAt>
            <longitude>-0.5279888681836581</longitude>
            <latitude>53.268197770369795</latitude>
            <altitude>0.0</altitude>
            <heading>0</heading>
            <tilt>0</tilt>
            <gx:fovy>35</gx:fovy>
            <range>100</range>
            <altitudeMode>absolute</altitudeMode>
        </LookAt>
        <styleUrl>#__managed_style_a</styleUrl>
        <Polygon>
            <outerBoundaryIs>
                <LinearRing>
                    <coordinates>
                        
				-0.528039844229433,53.268168317587204,0.0 -0.5279378921378832,53.268227223152394,0.0 -0.528039844229433,53.268168317587204,0.0 
			
                    </coordinates>
                </LinearRing>
            </outerBoundaryIs>
        </Polygon>
    </Placemark>
    <Placemark id="WayPoint2_WayPoint3">
        <name>WayPoint2_WayPoint3</name>
        <description><![CDATA[<div>WayPoint2_WayPoint3</div>]]></description>
        <LookAt>
            <longitude>-0.5279129304163533</longitude>
            <latitude>53.26819174491504</latitude>
            <altitude>0.0</altitude>
            <heading>0</heading>
            <tilt>0</tilt>
            <gx:fovy>35</gx:fovy>
            <range>100</range>
            <altitudeMode>absolute</altitudeMode>
        </LookAt>
        <styleUrl>#__managed_style_a</styleUrl>
        <Polygon>
            <outerBoundaryIs>
                <LinearRing>
                    <coordinates>
                        
				-0.5279378921378832,53.268227223152394,0.0 -0.5278879686948235,53.268156266677686,0.0 -0.5279378921378832,53.268227223152394,0.0 
			
                    </coordinates>
                </LinearRing>
            </outerBoundaryIs>
        </Polygon>
    </Placemark>
    <Placemark id="WayPoint38_WayPoint4">
        <name>WayPoint38_WayPoint4</name>
        <description><![CDATA[<div>WayPoint38_WayPoint4</div>]]></description>
        <LookAt>
            <longitude>-0.5280508213720334</longitude>
            <latitude>53.26833113976396</latitude>
            <altitude>0.0</altitude>
            <heading>0</heading>
            <tilt>0</tilt>
            <gx:fovy>35</gx:fovy>
            <range>100</range>
            <altitudeMode>absolute</altitudeMode>
        </LookAt>
        <styleUrl>#__managed_style_a</styleUrl>
        <Polygon>
            <outerBoundaryIs>
                <LinearRing>
                    <coordinates>
                        
				-0.5280338293567751,53.26836212139328,0.0 -0.5280678133872917,53.26830015813463,0.0 -0.5280338293567751,53.26836212139328,0.0 
			
                    </coordinates>
                </LinearRing>
            </outerBoundaryIs>
        </Polygon>
    </Placemark>
    <Placemark id="WayPoint4_WayPoint5">
        <name>WayPoint4_WayPoint5</name>
        <description><![CDATA[<div>WayPoint4_WayPoint5</div>]]></description>
        <LookAt>
            <longitude>-0.5281907423472355</longitude>
            <latitude>53.26833464711822</latitude>
            <altitude>0.0</altitude>
            <heading>0</heading>
            <tilt>0</tilt>
            <gx:fovy>35</gx:fovy>
            <range>100</range>
            <altitudeMode>absolute</altitudeMode>
        </LookAt>
        <styleUrl>#__managed_style_a</styleUrl>
        <Polygon>
            <outerBoundaryIs>
                <LinearRing>
                    <coordinates>
                        
				-0.5280678133872917,53.26830015813463,0.0 -0.5283136713071793,53.26836913610181,0.0 -0.5280678133872917,53.26830015813463,0.0 
			
                    </coordinates>
                </LinearRing>
            </outerBoundaryIs>
        </Polygon>
    </Placemark>
    <Placemark id="WayPoint2_WayPoint4">
        <name>WayPoint2_WayPoint4</name>
        <description><![CDATA[<div>WayPoint2_WayPoint4</div>]]></description>
        <LookAt>
            <longitude>-0.5280028527625875</longitude>
            <latitude>53.26826369064351</latitude>
            <altitude>0.0</altitude>
            <heading>0</heading>
            <tilt>0</tilt>
            <gx:fovy>35</gx:fovy>
            <range>100</range>
            <altitudeMode>absolute</altitudeMode>
        </LookAt>
        <styleUrl>#__managed_style_a</styleUrl>
        <Polygon>
            <outerBoundaryIs>
                <LinearRing>
                    <coordinates>
                        
				-0.5279378921378832,53.268227223152394,0.0 -0.5280678133872917,53.26830015813463,0.0 -0.5279378921378832,53.268227223152394,0.0 
			
                    </coordinates>
                </LinearRing>
            </outerBoundaryIs>
        </Polygon>
    </Placemark>
    <Placemark id="WayPoint5_WayPoint6">
        <name>WayPoint5_WayPoint6</name>
        <description><![CDATA[<div>WayPoint5_WayPoint6</div>]]></description>
        <LookAt>
            <longitude>-0.5283950976457843</longitude>
            <latitude>53.26838712253392</latitude>
            <altitude>0.0</altitude>
            <heading>0</heading>
            <tilt>0</tilt>
            <gx:fovy>35</gx:fovy>
            <range>100</range>
            <altitudeMode>absolute</altitudeMode>
        </LookAt>
        <styleUrl>#__managed_style_a</styleUrl>
        <Polygon>
            <outerBoundaryIs>
                <LinearRing>
                    <coordinates>
                        
				-0.5283136713071793,53.26836913610181,0.0 -0.5284765239843894,53.26840510896604,0.0 -0.5283136713071793,53.26836913610181,0.0 
			
                    </coordinates>
                </LinearRing>
            </outerBoundaryIs>
        </Polygon>
    </Placemark>
    <Placemark id="WayPoint4_WayPoint5">
        <name>WayPoint4_WayPoint5</name>
        <description><![CDATA[<div>WayPoint4_WayPoint5</div>]]></description>
        <LookAt>
            <longitude>-0.5281907423472355</longitude>
            <latitude>53.26833464711822</latitude>
            <altitude>0.0</altitude>
            <heading>0</heading>
            <tilt>0</tilt>
            <gx:fovy>35</gx:fovy>
            <range>100</range>
            <altitudeMode>absolute</altitudeMode>
        </LookAt>
        <styleUrl>#__managed_style_a</styleUrl>
        <Polygon>
            <outerBoundaryIs>
                <LinearRing>
                    <coordinates>
                        
				-0.5280678133872917,53.26830015813463,0.0 -0.5283136713071793,53.26836913610181,0.0 -0.5280678133872917,53.26830015813463,0.0 
			
                    </coordinates>
                </LinearRing>
            </outerBoundaryIs>
        </Polygon>
    </Placemark>
    <Placemark id="WayPoint37_WayPoint5">
        <name>WayPoint37_WayPoint5</name>
        <description><![CDATA[<div>WayPoint37_WayPoint5</div>]]></description>
        <LookAt>
            <longitude>-0.5283601361984609</longitude>
            <latitude>53.26834966578904</latitude>
            <altitude>0.0</altitude>
            <heading>0</heading>
            <tilt>0</tilt>
            <gx:fovy>35</gx:fovy>
            <range>100</range>
            <altitudeMode>absolute</altitudeMode>
        </LookAt>
        <styleUrl>#__managed_style_a</styleUrl>
        <Polygon>
            <outerBoundaryIs>
                <LinearRing>
                    <coordinates>
                        
				-0.5284066010897425,53.26833019547627,0.0 -0.5283136713071793,53.26836913610181,0.0 -0.5284066010897425,53.26833019547627,0.0 
			
                    </coordinates>
                </LinearRing>
            </outerBoundaryIs>
        </Polygon>
    </Placemark>
    <Placemark id="WayPoint5_WayPoint6">
        <name>WayPoint5_WayPoint6</name>
        <description><![CDATA[<div>WayPoint5_WayPoint6</div>]]></description>
        <LookAt>
            <longitude>-0.5283950976457843</longitude>
            <latitude>53.26838712253392</latitude>
            <altitude>0.0</altitude>
            <heading>0</heading>
            <tilt>0</tilt>
            <gx:fovy>35</gx:fovy>
            <range>100</range>
            <altitudeMode>absolute</altitudeMode>
        </LookAt>
        <styleUrl>#__managed_style_a</styleUrl>
        <Polygon>
            <outerBoundaryIs>
                <LinearRing>
                    <coordinates>
                        
				-0.5283136713071793,53.26836913610181,0.0 -0.5284765239843894,53.26840510896604,0.0 -0.5283136713071793,53.26836913610181,0.0 
			
                    </coordinates>
                </LinearRing>
            </outerBoundaryIs>
        </Polygon>
    </Placemark>
    <Placemark id="WayPoint6_WayPoint7">
        <name>WayPoint6_WayPoint7</name>
        <description><![CDATA[<div>WayPoint6_WayPoint7</div>]]></description>
        <LookAt>
            <longitude>-0.5285269737288067</longitude>
            <latitude>53.26843757447602</latitude>
            <altitude>0.0</altitude>
            <heading>0</heading>
            <tilt>0</tilt>
            <gx:fovy>35</gx:fovy>
            <range>100</range>
            <altitudeMode>absolute</altitudeMode>
        </LookAt>
        <styleUrl>#__managed_style_a</styleUrl>
        <Polygon>
            <outerBoundaryIs>
                <LinearRing>
                    <coordinates>
                        
				-0.5284765239843894,53.26840510896604,0.0 -0.528577423473224,53.26847003998599,0.0 -0.5284765239843894,53.26840510896604,0.0 
			
                    </coordinates>
                </LinearRing>
            </outerBoundaryIs>
        </Polygon>
    </Placemark>
    <Placemark id="WayPoint7_WayPoint8">
        <name>WayPoint7_WayPoint8</name>
        <description><![CDATA[<div>WayPoint7_WayPoint8</div>]]></description>
        <LookAt>
            <longitude>-0.528591934353511</longitude>
            <latitude>53.26848501369073</latitude>
            <altitude>0.0</altitude>
            <heading>0</heading>
            <tilt>0</tilt>
            <gx:fovy>35</gx:fovy>
            <range>100</range>
            <altitudeMode>absolute</altitudeMode>
        </LookAt>
        <styleUrl>#__managed_style_a</styleUrl>
        <Polygon>
            <outerBoundaryIs>
                <LinearRing>
                    <coordinates>
                        
				-0.528577423473224,53.26847003998599,0.0 -0.528606445233798,53.268499987395465,0.0 -0.528577423473224,53.26847003998599,0.0 
			
                    </coordinates>
                </LinearRing>
            </outerBoundaryIs>
        </Polygon>
    </Placemark>
    <Placemark id="WayPoint6_WayPoint7">
        <name>WayPoint6_WayPoint7</name>
        <description><![CDATA[<div>WayPoint6_WayPoint7</div>]]></description>
        <LookAt>
            <longitude>-0.5285269737288067</longitude>
            <latitude>53.26843757447602</latitude>
            <altitude>0.0</altitude>
            <heading>0</heading>
            <tilt>0</tilt>
            <gx:fovy>35</gx:fovy>
            <range>100</range>
            <altitudeMode>absolute</altitudeMode>
        </LookAt>
        <styleUrl>#__managed_style_a</styleUrl>
        <Polygon>
            <outerBoundaryIs>
                <LinearRing>
                    <coordinates>
                        
				-0.5284765239843894,53.26840510896604,0.0 -0.528577423473224,53.26847003998599,0.0 -0.5284765239843894,53.26840510896604,0.0 
			
                    </coordinates>
                </LinearRing>
            </outerBoundaryIs>
        </Polygon>
    </Placemark>
    <Placemark id="WayPoint8_WayPoint9">
        <name>WayPoint8_WayPoint9</name>
        <description><![CDATA[<div>WayPoint8_WayPoint9</div>]]></description>
        <LookAt>
            <longitude>-0.528661857248158</longitude>
            <latitude>53.26849252302614</latitude>
            <altitude>0.0</altitude>
            <heading>0</heading>
            <tilt>0</tilt>
            <gx:fovy>35</gx:fovy>
            <range>100</range>
            <altitudeMode>absolute</altitudeMode>
        </LookAt>
        <styleUrl>#__managed_style_a</styleUrl>
        <Polygon>
            <outerBoundaryIs>
                <LinearRing>
                    <coordinates>
                        
				-0.528606445233798,53.268499987395465,0.0 -0.5287172692625179,53.26848505865681,0.0 -0.528606445233798,53.268499987395465,0.0 
			
                    </coordinates>
                </LinearRing>
            </outerBoundaryIs>
        </Polygon>
    </Placemark>
    <Placemark id="WayPoint7_WayPoint8">
        <name>WayPoint7_WayPoint8</name>
        <description><![CDATA[<div>WayPoint7_WayPoint8</div>]]></description>
        <LookAt>
            <longitude>-0.528591934353511</longitude>
            <latitude>53.26848501369073</latitude>
            <altitude>0.0</altitude>
            <heading>0</heading>
            <tilt>0</tilt>
            <gx:fovy>35</gx:fovy>
            <range>100</range>
            <altitudeMode>absolute</altitudeMode>
        </LookAt>
        <styleUrl>#__managed_style_a</styleUrl>
        <Polygon>
            <outerBoundaryIs>
                <LinearRing>
                    <coordinates>
                        
				-0.528577423473224,53.26847003998599,0.0 -0.528606445233798,53.268499987395465,0.0 -0.528577423473224,53.26847003998599,0.0 
			
                    </coordinates>
                </LinearRing>
            </outerBoundaryIs>
        </Polygon>
    </Placemark>
    <Placemark id="WayPoint8_WayPoint9">
        <name>WayPoint8_WayPoint9</name>
        <description><![CDATA[<div>WayPoint8_WayPoint9</div>]]></description>
        <LookAt>
            <longitude>-0.528661857248158</longitude>
            <latitude>53.26849252302614</latitude>
            <altitude>0.0</altitude>
            <heading>0</heading>
            <tilt>0</tilt>
            <gx:fovy>35</gx:fovy>
            <range>100</range>
            <altitudeMode>absolute</altitudeMode>
        </LookAt>
        <styleUrl>#__managed_style_a</styleUrl>
        <Polygon>
            <outerBoundaryIs>
                <LinearRing>
                    <coordinates>
                        
				-0.528606445233798,53.268499987395465,0.0 -0.5287172692625179,53.26848505865681,0.0 -0.528606445233798,53.268499987395465,0.0 
			
                    </coordinates>
                </LinearRing>
            </outerBoundaryIs>
        </Polygon>
    </Placemark>
    <Placemark id="WayPoint34_WayPoint9">
        <name>WayPoint34_WayPoint9</name>
        <description><![CDATA[<div>WayPoint34_WayPoint9</div>]]></description>
        <LookAt>
            <longitude>-0.5287008035486171</longitude>
            <latitude>53.26847507618698</latitude>
            <altitude>0.0</altitude>
            <heading>0</heading>
            <tilt>0</tilt>
            <gx:fovy>35</gx:fovy>
            <range>100</range>
            <altitudeMode>absolute</altitudeMode>
        </LookAt>
        <styleUrl>#__managed_style_a</styleUrl>
        <Polygon>
            <outerBoundaryIs>
                <LinearRing>
                    <coordinates>
                        
				-0.5286843378347165,53.268465093717154,0.0 -0.5287172692625179,53.26848505865681,0.0 -0.5286843378347165,53.268465093717154,0.0 
			
                    </coordinates>
                </LinearRing>
            </outerBoundaryIs>
        </Polygon>
    </Placemark>
    <Placemark id="WayPoint32_WayPoint9">
        <name>WayPoint32_WayPoint9</name>
        <description><![CDATA[<div>WayPoint32_WayPoint9</div>]]></description>
        <LookAt>
            <longitude>-0.5287268178728622</longitude>
            <latitude>53.26848352981008</latitude>
            <altitude>0.0</altitude>
            <heading>0</heading>
            <tilt>0</tilt>
            <gx:fovy>35</gx:fovy>
            <range>100</range>
            <altitudeMode>absolute</altitudeMode>
        </LookAt>
        <styleUrl>#__managed_style_a</styleUrl>
        <Polygon>
            <outerBoundaryIs>
                <LinearRing>
                    <coordinates>
                        
				-0.5287363664832065,53.268482000963346,0.0 -0.5287172692625179,53.26848505865681,0.0 -0.5287363664832065,53.268482000963346,0.0 
			
                    </coordinates>
                </LinearRing>
            </outerBoundaryIs>
        </Polygon>
    </Placemark>
    <Placemark id="WayPoint10_WayPoint9">
        <name>WayPoint10_WayPoint9</name>
        <description><![CDATA[<div>WayPoint10_WayPoint9</div>]]></description>
        <LookAt>
            <longitude>-0.5287597493006637</longitude>
            <latitude>53.2685539916579</latitude>
            <altitude>0.0</altitude>
            <heading>0</heading>
            <tilt>0</tilt>
            <gx:fovy>35</gx:fovy>
            <range>100</range>
            <altitudeMode>absolute</altitudeMode>
        </LookAt>
        <styleUrl>#__managed_style_a</styleUrl>
        <Polygon>
            <outerBoundaryIs>
                <LinearRing>
                    <coordinates>
                        
				-0.5288022293388095,53.268622924659,0.0 -0.5287172692625179,53.26848505865681,0.0 -0.5288022293388095,53.268622924659,0.0 
			
                    </coordinates>
                </LinearRing>
            </outerBoundaryIs>
        </Polygon>
    </Placemark>
    <Placemark id="WayPoint10_WayPoint9">
        <name>WayPoint10_WayPoint9</name>
        <description><![CDATA[<div>WayPoint10_WayPoint9</div>]]></description>
        <LookAt>
            <longitude>-0.5287597493006637</longitude>
            <latitude>53.2685539916579</latitude>
            <altitude>0.0</altitude>
            <heading>0</heading>
            <tilt>0</tilt>
            <gx:fovy>35</gx:fovy>
            <range>100</range>
            <altitudeMode>absolute</altitudeMode>
        </LookAt>
        <styleUrl>#__managed_style_a</styleUrl>
        <Polygon>
            <outerBoundaryIs>
                <LinearRing>
                    <coordinates>
                        
				-0.5288022293388095,53.268622924659,0.0 -0.5287172692625179,53.26848505865681,0.0 -0.5288022293388095,53.268622924659,0.0 
			
                    </coordinates>
                </LinearRing>
            </outerBoundaryIs>
        </Polygon>
    </Placemark>
    <Placemark id="WayPoint10_WayPoint11">
        <name>WayPoint10_WayPoint11</name>
        <description><![CDATA[<div>WayPoint10_WayPoint11</div>]]></description>
        <LookAt>
            <longitude>-0.5289411728972047</longitude>
            <latitude>53.26860394897311</latitude>
            <altitude>0.0</altitude>
            <heading>0</heading>
            <tilt>0</tilt>
            <gx:fovy>35</gx:fovy>
            <range>100</range>
            <altitudeMode>absolute</altitudeMode>
        </LookAt>
        <styleUrl>#__managed_style_a</styleUrl>
        <Polygon>
            <outerBoundaryIs>
                <LinearRing>
                    <coordinates>
                        
				-0.5288022293388095,53.268622924659,0.0 -0.5290801164555998,53.268584973287226,0.0 -0.5288022293388095,53.268622924659,0.0 
			
                    </coordinates>
                </LinearRing>
            </outerBoundaryIs>
        </Polygon>
    </Placemark>
    <Placemark id="WayPoint11_WayPoint20">
        <name>WayPoint11_WayPoint20</name>
        <description><![CDATA[<div>WayPoint11_WayPoint20</div>]]></description>
        <LookAt>
            <longitude>-0.529077109019271</longitude>
            <latitude>53.268578992798545</latitude>
            <altitude>0.0</altitude>
            <heading>0</heading>
            <tilt>0</tilt>
            <gx:fovy>35</gx:fovy>
            <range>100</range>
            <altitudeMode>absolute</altitudeMode>
        </LookAt>
        <styleUrl>#__managed_style_a</styleUrl>
        <Polygon>
            <outerBoundaryIs>
                <LinearRing>
                    <coordinates>
                        
				-0.5290801164555998,53.268584973287226,0.0 -0.5290741015829421,53.268573012309865,0.0 -0.5290801164555998,53.268584973287226,0.0 
			
                    </coordinates>
                </LinearRing>
            </outerBoundaryIs>
        </Polygon>
    </Placemark>
    <Placemark id="WayPoint11_WayPoint12">
        <name>WayPoint11_WayPoint12</name>
        <description><![CDATA[<div>WayPoint11_WayPoint12</div>]]></description>
        <LookAt>
            <longitude>-0.5291155290183727</longitude>
            <latitude>53.26858546791411</latitude>
            <altitude>0.0</altitude>
            <heading>0</heading>
            <tilt>0</tilt>
            <gx:fovy>35</gx:fovy>
            <range>100</range>
            <altitudeMode>absolute</altitudeMode>
        </LookAt>
        <styleUrl>#__managed_style_a</styleUrl>
        <Polygon>
            <outerBoundaryIs>
                <LinearRing>
                    <coordinates>
                        
				-0.5290801164555998,53.268584973287226,0.0 -0.5291509415811455,53.268585962540996,0.0 -0.5290801164555998,53.268584973287226,0.0 
			
                    </coordinates>
                </LinearRing>
            </outerBoundaryIs>
        </Polygon>
    </Placemark>
    <Placemark id="WayPoint10_WayPoint11">
        <name>WayPoint10_WayPoint11</name>
        <description><![CDATA[<div>WayPoint10_WayPoint11</div>]]></description>
        <LookAt>
            <longitude>-0.5289411728972047</longitude>
            <latitude>53.26860394897311</latitude>
            <altitude>0.0</altitude>
            <heading>0</heading>
            <tilt>0</tilt>
            <gx:fovy>35</gx:fovy>
            <range>100</range>
            <altitudeMode>absolute</altitudeMode>
        </LookAt>
        <styleUrl>#__managed_style_a</styleUrl>
        <Polygon>
            <outerBoundaryIs>
                <LinearRing>
                    <coordinates>
                        
				-0.5288022293388095,53.268622924659,0.0 -0.5290801164555998,53.268584973287226,0.0 -0.5288022293388095,53.268622924659,0.0 
			
                    </coordinates>
                </LinearRing>
            </outerBoundaryIs>
        </Polygon>
    </Placemark>
    <Placemark id="WayPoint12_WayPoint13">
        <name>WayPoint12_WayPoint13</name>
        <description><![CDATA[<div>WayPoint12_WayPoint13</div>]]></description>
        <LookAt>
            <longitude>-0.5291724447508972</longitude>
            <latitude>53.26859796848443</latitude>
            <altitude>0.0</altitude>
            <heading>0</heading>
            <tilt>0</tilt>
            <gx:fovy>35</gx:fovy>
            <range>100</range>
            <altitudeMode>absolute</altitudeMode>
        </LookAt>
        <styleUrl>#__managed_style_a</styleUrl>
        <Polygon>
            <outerBoundaryIs>
                <LinearRing>
                    <coordinates>
                        
				-0.5291509415811455,53.268585962540996,0.0 -0.5291939479206488,53.26860997442787,0.0 -0.5291509415811455,53.268585962540996,0.0 
			
                    </coordinates>
                </LinearRing>
            </outerBoundaryIs>
        </Polygon>
    </Placemark>
    <Placemark id="WayPoint12_WayPoint18">
        <name>WayPoint12_WayPoint18</name>
        <description><![CDATA[<div>WayPoint12_WayPoint18</div>]]></description>
        <LookAt>
            <longitude>-0.5291434981762315</longitude>
            <latitude>53.26857445122444</latitude>
            <altitude>0.0</altitude>
            <heading>0</heading>
            <tilt>0</tilt>
            <gx:fovy>35</gx:fovy>
            <range>100</range>
            <altitudeMode>absolute</altitudeMode>
        </LookAt>
        <styleUrl>#__managed_style_a</styleUrl>
        <Polygon>
            <outerBoundaryIs>
                <LinearRing>
                    <coordinates>
                        
				-0.5291509415811455,53.268585962540996,0.0 -0.5291360547713174,53.26856293990788,0.0 -0.5291509415811455,53.268585962540996,0.0 
			
                    </coordinates>
                </LinearRing>
            </outerBoundaryIs>
        </Polygon>
    </Placemark>
    <Placemark id="WayPoint11_WayPoint12">
        <name>WayPoint11_WayPoint12</name>
        <description><![CDATA[<div>WayPoint11_WayPoint12</div>]]></description>
        <LookAt>
            <longitude>-0.5291155290183727</longitude>
            <latitude>53.26858546791411</latitude>
            <altitude>0.0</altitude>
            <heading>0</heading>
            <tilt>0</tilt>
            <gx:fovy>35</gx:fovy>
            <range>100</range>
            <altitudeMode>absolute</altitudeMode>
        </LookAt>
        <styleUrl>#__managed_style_a</styleUrl>
        <Polygon>
            <outerBoundaryIs>
                <LinearRing>
                    <coordinates>
                        
				-0.5290801164555998,53.268584973287226,0.0 -0.5291509415811455,53.268585962540996,0.0 -0.5290801164555998,53.268584973287226,0.0 
			
                    </coordinates>
                </LinearRing>
            </outerBoundaryIs>
        </Polygon>
    </Placemark>
    <Placemark id="WayPoint12_WayPoint13">
        <name>WayPoint12_WayPoint13</name>
        <description><![CDATA[<div>WayPoint12_WayPoint13</div>]]></description>
        <LookAt>
            <longitude>-0.5291724447508972</longitude>
            <latitude>53.26859796848443</latitude>
            <altitude>0.0</altitude>
            <heading>0</heading>
            <tilt>0</tilt>
            <gx:fovy>35</gx:fovy>
            <range>100</range>
            <altitudeMode>absolute</altitudeMode>
        </LookAt>
        <styleUrl>#__managed_style_a</styleUrl>
        <Polygon>
            <outerBoundaryIs>
                <LinearRing>
                    <coordinates>
                        
				-0.5291509415811455,53.268585962540996,0.0 -0.5291939479206488,53.26860997442787,0.0 -0.5291509415811455,53.268585962540996,0.0 
			
                    </coordinates>
                </LinearRing>
            </outerBoundaryIs>
        </Polygon>
    </Placemark>
    <Placemark id="WayPoint13_WayPoint14">
        <name>WayPoint13_WayPoint14</name>
        <description><![CDATA[<div>WayPoint13_WayPoint14</div>]]></description>
        <LookAt>
            <longitude>-0.5293468760579734</longitude>
            <latitude>53.26858699676084</latitude>
            <altitude>0.0</altitude>
            <heading>0</heading>
            <tilt>0</tilt>
            <gx:fovy>35</gx:fovy>
            <range>100</range>
            <altitudeMode>absolute</altitudeMode>
        </LookAt>
        <styleUrl>#__managed_style_a</styleUrl>
        <Polygon>
            <outerBoundaryIs>
                <LinearRing>
                    <coordinates>
                        
				-0.5291939479206488,53.26860997442787,0.0 -0.5294998041952981,53.26856401909381,0.0 -0.5291939479206488,53.26860997442787,0.0 
			
                    </coordinates>
                </LinearRing>
            </outerBoundaryIs>
        </Polygon>
    </Placemark>
    <Placemark id="WayPoint13_WayPoint14">
        <name>WayPoint13_WayPoint14</name>
        <description><![CDATA[<div>WayPoint13_WayPoint14</div>]]></description>
        <LookAt>
            <longitude>-0.5293468760579734</longitude>
            <latitude>53.26858699676084</latitude>
            <altitude>0.0</altitude>
            <heading>0</heading>
            <tilt>0</tilt>
            <gx:fovy>35</gx:fovy>
            <range>100</range>
            <altitudeMode>absolute</altitudeMode>
        </LookAt>
        <styleUrl>#__managed_style_a</styleUrl>
        <Polygon>
            <outerBoundaryIs>
                <LinearRing>
                    <coordinates>
                        
				-0.5291939479206488,53.26860997442787,0.0 -0.5294998041952981,53.26856401909381,0.0 -0.5291939479206488,53.26860997442787,0.0 
			
                    </coordinates>
                </LinearRing>
            </outerBoundaryIs>
        </Polygon>
    </Placemark>
    <Placemark id="WayPoint14_WayPoint15">
        <name>WayPoint14_WayPoint15</name>
        <description><![CDATA[<div>WayPoint14_WayPoint15</div>]]></description>
        <LookAt>
            <longitude>-0.5295427353488931</longitude>
            <latitude>53.26855799363905</latitude>
            <altitude>0.0</altitude>
            <heading>0</heading>
            <tilt>0</tilt>
            <gx:fovy>35</gx:fovy>
            <range>100</range>
            <altitudeMode>absolute</altitudeMode>
        </LookAt>
        <styleUrl>#__managed_style_a</styleUrl>
        <Polygon>
            <outerBoundaryIs>
                <LinearRing>
                    <coordinates>
                        
				-0.5294998041952981,53.26856401909381,0.0 -0.5295856665024882,53.26855196818429,0.0 -0.5294998041952981,53.26856401909381,0.0 
			
                    </coordinates>
                </LinearRing>
            </outerBoundaryIs>
        </Polygon>
    </Placemark>
    <Placemark id="WayPoint14_WayPoint15">
        <name>WayPoint14_WayPoint15</name>
        <description><![CDATA[<div>WayPoint14_WayPoint15</div>]]></description>
        <LookAt>
            <longitude>-0.5295427353488931</longitude>
            <latitude>53.26855799363905</latitude>
            <altitude>0.0</altitude>
            <heading>0</heading>
            <tilt>0</tilt>
            <gx:fovy>35</gx:fovy>
            <range>100</range>
            <altitudeMode>absolute</altitudeMode>
        </LookAt>
        <styleUrl>#__managed_style_a</styleUrl>
        <Polygon>
            <outerBoundaryIs>
                <LinearRing>
                    <coordinates>
                        
				-0.5294998041952981,53.26856401909381,0.0 -0.5295856665024882,53.26855196818429,0.0 -0.5294998041952981,53.26856401909381,0.0 
			
                    </coordinates>
                </LinearRing>
            </outerBoundaryIs>
        </Polygon>
    </Placemark>
    <Placemark id="WayPoint15_WayPoint17">
        <name>WayPoint15_WayPoint17</name>
        <description><![CDATA[<div>WayPoint15_WayPoint17</div>]]></description>
        <LookAt>
            <longitude>-0.5296201768343624</longitude>
            <latitude>53.26854598769561</latitude>
            <altitude>0.0</altitude>
            <heading>0</heading>
            <tilt>0</tilt>
            <gx:fovy>35</gx:fovy>
            <range>100</range>
            <altitudeMode>absolute</altitudeMode>
        </LookAt>
        <styleUrl>#__managed_style_a</styleUrl>
        <Polygon>
            <outerBoundaryIs>
                <LinearRing>
                    <coordinates>
                        
				-0.5295856665024882,53.26855196818429,0.0 -0.5296546871662365,53.26854000720693,0.0 -0.5295856665024882,53.26855196818429,0.0 
			
                    </coordinates>
                </LinearRing>
            </outerBoundaryIs>
        </Polygon>
    </Placemark>
    <Placemark id="WayPoint15_WayPoint16">
        <name>WayPoint15_WayPoint16</name>
        <description><![CDATA[<div>WayPoint15_WayPoint16</div>]]></description>
        <LookAt>
            <longitude>-0.5295976962478037</longitude>
            <latitude>53.2685754404782</latitude>
            <altitude>0.0</altitude>
            <heading>0</heading>
            <tilt>0</tilt>
            <gx:fovy>35</gx:fovy>
            <range>100</range>
            <altitudeMode>absolute</altitudeMode>
        </LookAt>
        <styleUrl>#__managed_style_a</styleUrl>
        <Polygon>
            <outerBoundaryIs>
                <LinearRing>
                    <coordinates>
                        
				-0.5295856665024882,53.26855196818429,0.0 -0.5296097259931194,53.26859891277212,0.0 -0.5295856665024882,53.26855196818429,0.0 
			
                    </coordinates>
                </LinearRing>
            </outerBoundaryIs>
        </Polygon>
    </Placemark>
    <Placemark id="WayPoint15_WayPoint16">
        <name>WayPoint15_WayPoint16</name>
        <description><![CDATA[<div>WayPoint15_WayPoint16</div>]]></description>
        <LookAt>
            <longitude>-0.5295976962478037</longitude>
            <latitude>53.2685754404782</latitude>
            <altitude>0.0</altitude>
            <heading>0</heading>
            <tilt>0</tilt>
            <gx:fovy>35</gx:fovy>
            <range>100</range>
            <altitudeMode>absolute</altitudeMode>
        </LookAt>
        <styleUrl>#__managed_style_a</styleUrl>
        <Polygon>
            <outerBoundaryIs>
                <LinearRing>
                    <coordinates>
                        
				-0.5295856665024882,53.26855196818429,0.0 -0.5296097259931194,53.26859891277212,0.0 -0.5295856665024882,53.26855196818429,0.0 
			
                    </coordinates>
                </LinearRing>
            </outerBoundaryIs>
        </Polygon>
    </Placemark>
    <Placemark id="WayPoint15_WayPoint17">
        <name>WayPoint15_WayPoint17</name>
        <description><![CDATA[<div>WayPoint15_WayPoint17</div>]]></description>
        <LookAt>
            <longitude>-0.5296201768343624</longitude>
            <latitude>53.26854598769561</latitude>
            <altitude>0.0</altitude>
            <heading>0</heading>
            <tilt>0</tilt>
            <gx:fovy>35</gx:fovy>
            <range>100</range>
            <altitudeMode>absolute</altitudeMode>
        </LookAt>
        <styleUrl>#__managed_style_a</styleUrl>
        <Polygon>
            <outerBoundaryIs>
                <LinearRing>
                    <coordinates>
                        
				-0.5295856665024882,53.26855196818429,0.0 -0.5296546871662365,53.26854000720693,0.0 -0.5295856665024882,53.26855196818429,0.0 
			
                    </coordinates>
                </LinearRing>
            </outerBoundaryIs>
        </Polygon>
    </Placemark>
    <Placemark id="WayPoint18_WayPoint19">
        <name>WayPoint18_WayPoint19</name>
        <description><![CDATA[<div>WayPoint18_WayPoint19</div>]]></description>
        <LookAt>
            <longitude>-0.5291540242033825</longitude>
            <latitude>53.268560466773465</latitude>
            <altitude>0.0</altitude>
            <heading>0</heading>
            <tilt>0</tilt>
            <gx:fovy>35</gx:fovy>
            <range>100</range>
            <altitudeMode>absolute</altitudeMode>
        </LookAt>
        <styleUrl>#__managed_style_a</styleUrl>
        <Polygon>
            <outerBoundaryIs>
                <LinearRing>
                    <coordinates>
                        
				-0.5291360547713174,53.26856293990788,0.0 -0.5291719936354478,53.26855799363905,0.0 -0.5291360547713174,53.26856293990788,0.0 
			
                    </coordinates>
                </LinearRing>
            </outerBoundaryIs>
        </Polygon>
    </Placemark>
    <Placemark id="WayPoint12_WayPoint18">
        <name>WayPoint12_WayPoint18</name>
        <description><![CDATA[<div>WayPoint12_WayPoint18</div>]]></description>
        <LookAt>
            <longitude>-0.5291434981762315</longitude>
            <latitude>53.26857445122444</latitude>
            <altitude>0.0</altitude>
            <heading>0</heading>
            <tilt>0</tilt>
            <gx:fovy>35</gx:fovy>
            <range>100</range>
            <altitudeMode>absolute</altitudeMode>
        </LookAt>
        <styleUrl>#__managed_style_a</styleUrl>
        <Polygon>
            <outerBoundaryIs>
                <LinearRing>
                    <coordinates>
                        
				-0.5291509415811455,53.268585962540996,0.0 -0.5291360547713174,53.26856293990788,0.0 -0.5291509415811455,53.268585962540996,0.0 
			
                    </coordinates>
                </LinearRing>
            </outerBoundaryIs>
        </Polygon>
    </Placemark>
    <Placemark id="WayPoint18_WayPoint20">
        <name>WayPoint18_WayPoint20</name>
        <description><![CDATA[<div>WayPoint18_WayPoint20</div>]]></description>
        <LookAt>
            <longitude>-0.5291050781771298</longitude>
            <latitude>53.26856797610887</latitude>
            <altitude>0.0</altitude>
            <heading>0</heading>
            <tilt>0</tilt>
            <gx:fovy>35</gx:fovy>
            <range>100</range>
            <altitudeMode>absolute</altitudeMode>
        </LookAt>
        <styleUrl>#__managed_style_a</styleUrl>
        <Polygon>
            <outerBoundaryIs>
                <LinearRing>
                    <coordinates>
                        
				-0.5291360547713174,53.26856293990788,0.0 -0.5290741015829421,53.268573012309865,0.0 -0.5291360547713174,53.26856293990788,0.0 
			
                    </coordinates>
                </LinearRing>
            </outerBoundaryIs>
        </Polygon>
    </Placemark>
    <Placemark id="WayPoint18_WayPoint19">
        <name>WayPoint18_WayPoint19</name>
        <description><![CDATA[<div>WayPoint18_WayPoint19</div>]]></description>
        <LookAt>
            <longitude>-0.5291540242033825</longitude>
            <latitude>53.268560466773465</latitude>
            <altitude>0.0</altitude>
            <heading>0</heading>
            <tilt>0</tilt>
            <gx:fovy>35</gx:fovy>
            <range>100</range>
            <altitudeMode>absolute</altitudeMode>
        </LookAt>
        <styleUrl>#__managed_style_a</styleUrl>
        <Polygon>
            <outerBoundaryIs>
                <LinearRing>
                    <coordinates>
                        
				-0.5291360547713174,53.26856293990788,0.0 -0.5291719936354478,53.26855799363905,0.0 -0.5291360547713174,53.26856293990788,0.0 
			
                    </coordinates>
                </LinearRing>
            </outerBoundaryIs>
        </Polygon>
    </Placemark>
    <Placemark id="WayPoint18_WayPoint20">
        <name>WayPoint18_WayPoint20</name>
        <description><![CDATA[<div>WayPoint18_WayPoint20</div>]]></description>
        <LookAt>
            <longitude>-0.5291050781771298</longitude>
            <latitude>53.26856797610887</latitude>
            <altitude>0.0</altitude>
            <heading>0</heading>
            <tilt>0</tilt>
            <gx:fovy>35</gx:fovy>
            <range>100</range>
            <altitudeMode>absolute</altitudeMode>
        </LookAt>
        <styleUrl>#__managed_style_a</styleUrl>
        <Polygon>
            <outerBoundaryIs>
                <LinearRing>
                    <coordinates>
                        
				-0.5291360547713174,53.26856293990788,0.0 -0.5290741015829421,53.268573012309865,0.0 -0.5291360547713174,53.26856293990788,0.0 
			
                    </coordinates>
                </LinearRing>
            </outerBoundaryIs>
        </Polygon>
    </Placemark>
    <Placemark id="WayPoint11_WayPoint20">
        <name>WayPoint11_WayPoint20</name>
        <description><![CDATA[<div>WayPoint11_WayPoint20</div>]]></description>
        <LookAt>
            <longitude>-0.529077109019271</longitude>
            <latitude>53.268578992798545</latitude>
            <altitude>0.0</altitude>
            <heading>0</heading>
            <tilt>0</tilt>
            <gx:fovy>35</gx:fovy>
            <range>100</range>
            <altitudeMode>absolute</altitudeMode>
        </LookAt>
        <styleUrl>#__managed_style_a</styleUrl>
        <Polygon>
            <outerBoundaryIs>
                <LinearRing>
                    <coordinates>
                        
				-0.5290801164555998,53.268584973287226,0.0 -0.5290741015829421,53.268573012309865,0.0 -0.5290801164555998,53.268584973287226,0.0 
			
                    </coordinates>
                </LinearRing>
            </outerBoundaryIs>
        </Polygon>
    </Placemark>
    <Placemark id="WayPoint20_WayPoint21">
        <name>WayPoint20_WayPoint21</name>
        <description><![CDATA[<div>WayPoint20_WayPoint21</div>]]></description>
        <LookAt>
            <longitude>-0.529053124714548</longitude>
            <latitude>53.26852404424842</latitude>
            <altitude>0.0</altitude>
            <heading>0</heading>
            <tilt>0</tilt>
            <gx:fovy>35</gx:fovy>
            <range>100</range>
            <altitudeMode>absolute</altitudeMode>
        </LookAt>
        <styleUrl>#__managed_style_a</styleUrl>
        <Polygon>
            <outerBoundaryIs>
                <LinearRing>
                    <coordinates>
                        
				-0.5290741015829421,53.268573012309865,0.0 -0.5290321478461539,53.26847507618698,0.0 -0.5290741015829421,53.268573012309865,0.0 
			
                    </coordinates>
                </LinearRing>
            </outerBoundaryIs>
        </Polygon>
    </Placemark>
    <Placemark id="WayPoint20_WayPoint21">
        <name>WayPoint20_WayPoint21</name>
        <description><![CDATA[<div>WayPoint20_WayPoint21</div>]]></description>
        <LookAt>
            <longitude>-0.529053124714548</longitude>
            <latitude>53.26852404424842</latitude>
            <altitude>0.0</altitude>
            <heading>0</heading>
            <tilt>0</tilt>
            <gx:fovy>35</gx:fovy>
            <range>100</range>
            <altitudeMode>absolute</altitudeMode>
        </LookAt>
        <styleUrl>#__managed_style_a</styleUrl>
        <Polygon>
            <outerBoundaryIs>
                <LinearRing>
                    <coordinates>
                        
				-0.5290741015829421,53.268573012309865,0.0 -0.5290321478461539,53.26847507618698,0.0 -0.5290741015829421,53.268573012309865,0.0 
			
                    </coordinates>
                </LinearRing>
            </outerBoundaryIs>
        </Polygon>
    </Placemark>
    <Placemark id="WayPoint21_WayPoint24">
        <name>WayPoint21_WayPoint24</name>
        <description><![CDATA[<div>WayPoint21_WayPoint24</div>]]></description>
        <LookAt>
            <longitude>-0.529060568119462</longitude>
            <latitude>53.26846905073222</latitude>
            <altitude>0.0</altitude>
            <heading>0</heading>
            <tilt>0</tilt>
            <gx:fovy>35</gx:fovy>
            <range>100</range>
            <altitudeMode>absolute</altitudeMode>
        </LookAt>
        <styleUrl>#__managed_style_a</styleUrl>
        <Polygon>
            <outerBoundaryIs>
                <LinearRing>
                    <coordinates>
                        
				-0.5290321478461539,53.26847507618698,0.0 -0.5290889883927702,53.26846302527746,0.0 -0.5290321478461539,53.26847507618698,0.0 
			
                    </coordinates>
                </LinearRing>
            </outerBoundaryIs>
        </Polygon>
    </Placemark>
    <Placemark id="WayPoint21_WayPoint22">
        <name>WayPoint21_WayPoint22</name>
        <description><![CDATA[<div>WayPoint21_WayPoint22</div>]]></description>
        <LookAt>
            <longitude>-0.5290091409582378</longitude>
            <latitude>53.2684296154798</latitude>
            <altitude>0.0</altitude>
            <heading>0</heading>
            <tilt>0</tilt>
            <gx:fovy>35</gx:fovy>
            <range>100</range>
            <altitudeMode>absolute</altitudeMode>
        </LookAt>
        <styleUrl>#__managed_style_a</styleUrl>
        <Polygon>
            <outerBoundaryIs>
                <LinearRing>
                    <coordinates>
                        
				-0.5290321478461539,53.26847507618698,0.0 -0.5289861340703217,53.268384154772626,0.0 -0.5290321478461539,53.26847507618698,0.0 
			
                    </coordinates>
                </LinearRing>
            </outerBoundaryIs>
        </Polygon>
    </Placemark>
    <Placemark id="WayPoint22_WayPoint29">
        <name>WayPoint22_WayPoint29</name>
        <description><![CDATA[<div>WayPoint22_WayPoint29</div>]]></description>
        <LookAt>
            <longitude>-0.5290565832663262</longitude>
            <latitude>53.26838015279148</latitude>
            <altitude>0.0</altitude>
            <heading>0</heading>
            <tilt>0</tilt>
            <gx:fovy>35</gx:fovy>
            <range>100</range>
            <altitudeMode>absolute</altitudeMode>
        </LookAt>
        <styleUrl>#__managed_style_a</styleUrl>
        <Polygon>
            <outerBoundaryIs>
                <LinearRing>
                    <coordinates>
                        
				-0.5289861340703217,53.268384154772626,0.0 -0.5291270324623307,53.26837615081033,0.0 -0.5289861340703217,53.268384154772626,0.0 
			
                    </coordinates>
                </LinearRing>
            </outerBoundaryIs>
        </Polygon>
    </Placemark>
    <Placemark id="WayPoint22_WayPoint23">
        <name>WayPoint22_WayPoint23</name>
        <description><![CDATA[<div>WayPoint22_WayPoint23</div>]]></description>
        <LookAt>
            <longitude>-0.5289641797851208</longitude>
            <latitude>53.26838662790704</latitude>
            <altitude>0.0</altitude>
            <heading>0</heading>
            <tilt>0</tilt>
            <gx:fovy>35</gx:fovy>
            <range>100</range>
            <altitudeMode>absolute</altitudeMode>
        </LookAt>
        <styleUrl>#__managed_style_a</styleUrl>
        <Polygon>
            <outerBoundaryIs>
                <LinearRing>
                    <coordinates>
                        
				-0.5289861340703217,53.268384154772626,0.0 -0.5289422254999198,53.26838910104146,0.0 -0.5289861340703217,53.268384154772626,0.0 
			
                    </coordinates>
                </LinearRing>
            </outerBoundaryIs>
        </Polygon>
    </Placemark>
    <Placemark id="WayPoint21_WayPoint22">
        <name>WayPoint21_WayPoint22</name>
        <description><![CDATA[<div>WayPoint21_WayPoint22</div>]]></description>
        <LookAt>
            <longitude>-0.5290091409582378</longitude>
            <latitude>53.2684296154798</latitude>
            <altitude>0.0</altitude>
            <heading>0</heading>
            <tilt>0</tilt>
            <gx:fovy>35</gx:fovy>
            <range>100</range>
            <altitudeMode>absolute</altitudeMode>
        </LookAt>
        <styleUrl>#__managed_style_a</styleUrl>
        <Polygon>
            <outerBoundaryIs>
                <LinearRing>
                    <coordinates>
                        
				-0.5290321478461539,53.26847507618698,0.0 -0.5289861340703217,53.268384154772626,0.0 -0.5290321478461539,53.26847507618698,0.0 
			
                    </coordinates>
                </LinearRing>
            </outerBoundaryIs>
        </Polygon>
    </Placemark>
    <Placemark id="WayPoint22_WayPoint23">
        <name>WayPoint22_WayPoint23</name>
        <description><![CDATA[<div>WayPoint22_WayPoint23</div>]]></description>
        <LookAt>
            <longitude>-0.5289641797851208</longitude>
            <latitude>53.26838662790704</latitude>
            <altitude>0.0</altitude>
            <heading>0</heading>
            <tilt>0</tilt>
            <gx:fovy>35</gx:fovy>
            <range>100</range>
            <altitudeMode>absolute</altitudeMode>
        </LookAt>
        <styleUrl>#__managed_style_a</styleUrl>
        <Polygon>
            <outerBoundaryIs>
                <LinearRing>
                    <coordinates>
                        
				-0.5289861340703217,53.268384154772626,0.0 -0.5289422254999198,53.26838910104146,0.0 -0.5289861340703217,53.268384154772626,0.0 
			
                    </coordinates>
                </LinearRing>
            </outerBoundaryIs>
        </Polygon>
    </Placemark>
    <Placemark id="WayPoint24_WayPoint25">
        <name>WayPoint24_WayPoint25</name>
        <description><![CDATA[<div>WayPoint24_WayPoint25</div>]]></description>
        <LookAt>
            <longitude>-0.5291434981762315</longitude>
            <latitude>53.26843955298355</latitude>
            <altitude>0.0</altitude>
            <heading>0</heading>
            <tilt>0</tilt>
            <gx:fovy>35</gx:fovy>
            <range>100</range>
            <altitudeMode>absolute</altitudeMode>
        </LookAt>
        <styleUrl>#__managed_style_a</styleUrl>
        <Polygon>
            <outerBoundaryIs>
                <LinearRing>
                    <coordinates>
                        
				-0.5290889883927702,53.26846302527746,0.0 -0.5291980079596929,53.26841608068963,0.0 -0.5290889883927702,53.26846302527746,0.0 
			
                    </coordinates>
                </LinearRing>
            </outerBoundaryIs>
        </Polygon>
    </Placemark>
    <Placemark id="WayPoint21_WayPoint24">
        <name>WayPoint21_WayPoint24</name>
        <description><![CDATA[<div>WayPoint21_WayPoint24</div>]]></description>
        <LookAt>
            <longitude>-0.529060568119462</longitude>
            <latitude>53.26846905073222</latitude>
            <altitude>0.0</altitude>
            <heading>0</heading>
            <tilt>0</tilt>
            <gx:fovy>35</gx:fovy>
            <range>100</range>
            <altitudeMode>absolute</altitudeMode>
        </LookAt>
        <styleUrl>#__managed_style_a</styleUrl>
        <Polygon>
            <outerBoundaryIs>
                <LinearRing>
                    <coordinates>
                        
				-0.5290321478461539,53.26847507618698,0.0 -0.5290889883927702,53.26846302527746,0.0 -0.5290321478461539,53.26847507618698,0.0 
			
                    </coordinates>
                </LinearRing>
            </outerBoundaryIs>
        </Polygon>
    </Placemark>
    <Placemark id="WayPoint24_WayPoint25">
        <name>WayPoint24_WayPoint25</name>
        <description><![CDATA[<div>WayPoint24_WayPoint25</div>]]></description>
        <LookAt>
            <longitude>-0.5291434981762315</longitude>
            <latitude>53.26843955298355</latitude>
            <altitude>0.0</altitude>
            <heading>0</heading>
            <tilt>0</tilt>
            <gx:fovy>35</gx:fovy>
            <range>100</range>
            <altitudeMode>absolute</altitudeMode>
        </LookAt>
        <styleUrl>#__managed_style_a</styleUrl>
        <Polygon>
            <outerBoundaryIs>
                <LinearRing>
                    <coordinates>
                        
				-0.5290889883927702,53.26846302527746,0.0 -0.5291980079596929,53.26841608068963,0.0 -0.5290889883927702,53.26846302527746,0.0 
			
                    </coordinates>
                </LinearRing>
            </outerBoundaryIs>
        </Polygon>
    </Placemark>
    <Placemark id="WayPoint25_WayPoint26">
        <name>WayPoint25_WayPoint26</name>
        <description><![CDATA[<div>WayPoint25_WayPoint26</div>]]></description>
        <LookAt>
            <longitude>-0.5292419165300948</longitude>
            <latitude>53.26838761716081</latitude>
            <altitude>0.0</altitude>
            <heading>0</heading>
            <tilt>0</tilt>
            <gx:fovy>35</gx:fovy>
            <range>100</range>
            <altitudeMode>absolute</altitudeMode>
        </LookAt>
        <styleUrl>#__managed_style_a</styleUrl>
        <Polygon>
            <outerBoundaryIs>
                <LinearRing>
                    <coordinates>
                        
				-0.5291980079596929,53.26841608068963,0.0 -0.5292858251004968,53.268359153631984,0.0 -0.5291980079596929,53.26841608068963,0.0 
			
                    </coordinates>
                </LinearRing>
            </outerBoundaryIs>
        </Polygon>
    </Placemark>
    <Placemark id="WayPoint25_WayPoint29">
        <name>WayPoint25_WayPoint29</name>
        <description><![CDATA[<div>WayPoint25_WayPoint29</div>]]></description>
        <LookAt>
            <longitude>-0.5291625202110117</longitude>
            <latitude>53.26839611574998</latitude>
            <altitude>0.0</altitude>
            <heading>0</heading>
            <tilt>0</tilt>
            <gx:fovy>35</gx:fovy>
            <range>100</range>
            <altitudeMode>absolute</altitudeMode>
        </LookAt>
        <styleUrl>#__managed_style_a</styleUrl>
        <Polygon>
            <outerBoundaryIs>
                <LinearRing>
                    <coordinates>
                        
				-0.5291980079596929,53.26841608068963,0.0 -0.5291270324623307,53.26837615081033,0.0 -0.5291980079596929,53.26841608068963,0.0 
			
                    </coordinates>
                </LinearRing>
            </outerBoundaryIs>
        </Polygon>
    </Placemark>
    <Placemark id="WayPoint26_WayPoint30">
        <name>WayPoint26_WayPoint30</name>
        <description><![CDATA[<div>WayPoint26_WayPoint30</div>]]></description>
        <LookAt>
            <longitude>-0.5292268793484503</longitude>
            <latitude>53.268354162397074</latitude>
            <altitude>0.0</altitude>
            <heading>0</heading>
            <tilt>0</tilt>
            <gx:fovy>35</gx:fovy>
            <range>100</range>
            <altitudeMode>absolute</altitudeMode>
        </LookAt>
        <styleUrl>#__managed_style_a</styleUrl>
        <Polygon>
            <outerBoundaryIs>
                <LinearRing>
                    <coordinates>
                        
				-0.5292858251004968,53.268359153631984,0.0 -0.5291679335964038,53.26834917116216,0.0 -0.5292858251004968,53.268359153631984,0.0 
			
                    </coordinates>
                </LinearRing>
            </outerBoundaryIs>
        </Polygon>
    </Placemark>
    <Placemark id="WayPoint26_WayPoint29">
        <name>WayPoint26_WayPoint29</name>
        <description><![CDATA[<div>WayPoint26_WayPoint29</div>]]></description>
        <LookAt>
            <longitude>-0.5292064287814138</longitude>
            <latitude>53.26836765222116</latitude>
            <altitude>0.0</altitude>
            <heading>0</heading>
            <tilt>0</tilt>
            <gx:fovy>35</gx:fovy>
            <range>100</range>
            <altitudeMode>absolute</altitudeMode>
        </LookAt>
        <styleUrl>#__managed_style_a</styleUrl>
        <Polygon>
            <outerBoundaryIs>
                <LinearRing>
                    <coordinates>
                        
				-0.5292858251004968,53.268359153631984,0.0 -0.5291270324623307,53.26837615081033,0.0 -0.5292858251004968,53.268359153631984,0.0 
			
                    </coordinates>
                </LinearRing>
            </outerBoundaryIs>
        </Polygon>
    </Placemark>
    <Placemark id="WayPoint25_WayPoint26">
        <name>WayPoint25_WayPoint26</name>
        <description><![CDATA[<div>WayPoint25_WayPoint26</div>]]></description>
        <LookAt>
            <longitude>-0.5292419165300948</longitude>
            <latitude>53.26838761716081</latitude>
            <altitude>0.0</altitude>
            <heading>0</heading>
            <tilt>0</tilt>
            <gx:fovy>35</gx:fovy>
            <range>100</range>
            <altitudeMode>absolute</altitudeMode>
        </LookAt>
        <styleUrl>#__managed_style_a</styleUrl>
        <Polygon>
            <outerBoundaryIs>
                <LinearRing>
                    <coordinates>
                        
				-0.5291980079596929,53.26841608068963,0.0 -0.5292858251004968,53.268359153631984,0.0 -0.5291980079596929,53.26841608068963,0.0 
			
                    </coordinates>
                </LinearRing>
            </outerBoundaryIs>
        </Polygon>
    </Placemark>
    <Placemark id="WayPoint26_WayPoint27">
        <name>WayPoint26_WayPoint27</name>
        <description><![CDATA[<div>WayPoint26_WayPoint27</div>]]></description>
        <LookAt>
            <longitude>-0.5296790474005006</longitude>
            <latitude>53.2682981796271</latitude>
            <altitude>0.0</altitude>
            <heading>0</heading>
            <tilt>0</tilt>
            <gx:fovy>35</gx:fovy>
            <range>100</range>
            <altitudeMode>absolute</altitudeMode>
        </LookAt>
        <styleUrl>#__managed_style_a</styleUrl>
        <Polygon>
            <outerBoundaryIs>
                <LinearRing>
                    <coordinates>
                        
				-0.5292858251004968,53.268359153631984,0.0 -0.5300722697005045,53.26823720562222,0.0 -0.5292858251004968,53.268359153631984,0.0 
			
                    </coordinates>
                </LinearRing>
            </outerBoundaryIs>
        </Polygon>
    </Placemark>
    <Placemark id="WayPoint26_WayPoint27">
        <name>WayPoint26_WayPoint27</name>
        <description><![CDATA[<div>WayPoint26_WayPoint27</div>]]></description>
        <LookAt>
            <longitude>-0.5296790474005006</longitude>
            <latitude>53.2682981796271</latitude>
            <altitude>0.0</altitude>
            <heading>0</heading>
            <tilt>0</tilt>
            <gx:fovy>35</gx:fovy>
            <range>100</range>
            <altitudeMode>absolute</altitudeMode>
        </LookAt>
        <styleUrl>#__managed_style_a</styleUrl>
        <Polygon>
            <outerBoundaryIs>
                <LinearRing>
                    <coordinates>
                        
				-0.5292858251004968,53.268359153631984,0.0 -0.5300722697005045,53.26823720562222,0.0 -0.5292858251004968,53.268359153631984,0.0 
			
                    </coordinates>
                </LinearRing>
            </outerBoundaryIs>
        </Polygon>
    </Placemark>
    <Placemark id="WayPoint27_WayPoint28">
        <name>WayPoint27_WayPoint28</name>
        <description><![CDATA[<div>WayPoint27_WayPoint28</div>]]></description>
        <LookAt>
            <longitude>-0.5301422677810597</longitude>
            <latitude>53.268357130158364</latitude>
            <altitude>0.0</altitude>
            <heading>0</heading>
            <tilt>0</tilt>
            <gx:fovy>35</gx:fovy>
            <range>100</range>
            <altitudeMode>absolute</altitudeMode>
        </LookAt>
        <styleUrl>#__managed_style_a</styleUrl>
        <Polygon>
            <outerBoundaryIs>
                <LinearRing>
                    <coordinates>
                        
				-0.5300722697005045,53.26823720562222,0.0 -0.5302122658616147,53.268477054694515,0.0 -0.5300722697005045,53.26823720562222,0.0 
			
                    </coordinates>
                </LinearRing>
            </outerBoundaryIs>
        </Polygon>
    </Placemark>
    <Placemark id="WayPoint27_WayPoint28">
        <name>WayPoint27_WayPoint28</name>
        <description><![CDATA[<div>WayPoint27_WayPoint28</div>]]></description>
        <LookAt>
            <longitude>-0.5301422677810597</longitude>
            <latitude>53.268357130158364</latitude>
            <altitude>0.0</altitude>
            <heading>0</heading>
            <tilt>0</tilt>
            <gx:fovy>35</gx:fovy>
            <range>100</range>
            <altitudeMode>absolute</altitudeMode>
        </LookAt>
        <styleUrl>#__managed_style_a</styleUrl>
        <Polygon>
            <outerBoundaryIs>
                <LinearRing>
                    <coordinates>
                        
				-0.5300722697005045,53.26823720562222,0.0 -0.5302122658616147,53.268477054694515,0.0 -0.5300722697005045,53.26823720562222,0.0 
			
                    </coordinates>
                </LinearRing>
            </outerBoundaryIs>
        </Polygon>
    </Placemark>
    <Placemark id="WayPoint26_WayPoint29">
        <name>WayPoint26_WayPoint29</name>
        <description><![CDATA[<div>WayPoint26_WayPoint29</div>]]></description>
        <LookAt>
            <longitude>-0.5292064287814138</longitude>
            <latitude>53.26836765222116</latitude>
            <altitude>0.0</altitude>
            <heading>0</heading>
            <tilt>0</tilt>
            <gx:fovy>35</gx:fovy>
            <range>100</range>
            <altitudeMode>absolute</altitudeMode>
        </LookAt>
        <styleUrl>#__managed_style_a</styleUrl>
        <Polygon>
            <outerBoundaryIs>
                <LinearRing>
                    <coordinates>
                        
				-0.5292858251004968,53.268359153631984,0.0 -0.5291270324623307,53.26837615081033,0.0 -0.5292858251004968,53.268359153631984,0.0 
			
                    </coordinates>
                </LinearRing>
            </outerBoundaryIs>
        </Polygon>
    </Placemark>
    <Placemark id="WayPoint29_WayPoint30">
        <name>WayPoint29_WayPoint30</name>
        <description><![CDATA[<div>WayPoint29_WayPoint30</div>]]></description>
        <LookAt>
            <longitude>-0.5291474830293672</longitude>
            <latitude>53.26836266098624</latitude>
            <altitude>0.0</altitude>
            <heading>0</heading>
            <tilt>0</tilt>
            <gx:fovy>35</gx:fovy>
            <range>100</range>
            <altitudeMode>absolute</altitudeMode>
        </LookAt>
        <styleUrl>#__managed_style_a</styleUrl>
        <Polygon>
            <outerBoundaryIs>
                <LinearRing>
                    <coordinates>
                        
				-0.5291270324623307,53.26837615081033,0.0 -0.5291679335964038,53.26834917116216,0.0 -0.5291270324623307,53.26837615081033,0.0 
			
                    </coordinates>
                </LinearRing>
            </outerBoundaryIs>
        </Polygon>
    </Placemark>
    <Placemark id="WayPoint25_WayPoint29">
        <name>WayPoint25_WayPoint29</name>
        <description><![CDATA[<div>WayPoint25_WayPoint29</div>]]></description>
        <LookAt>
            <longitude>-0.5291625202110117</longitude>
            <latitude>53.26839611574998</latitude>
            <altitude>0.0</altitude>
            <heading>0</heading>
            <tilt>0</tilt>
            <gx:fovy>35</gx:fovy>
            <range>100</range>
            <altitudeMode>absolute</altitudeMode>
        </LookAt>
        <styleUrl>#__managed_style_a</styleUrl>
        <Polygon>
            <outerBoundaryIs>
                <LinearRing>
                    <coordinates>
                        
				-0.5291980079596929,53.26841608068963,0.0 -0.5291270324623307,53.26837615081033,0.0 -0.5291980079596929,53.26841608068963,0.0 
			
                    </coordinates>
                </LinearRing>
            </outerBoundaryIs>
        </Polygon>
    </Placemark>
    <Placemark id="WayPoint22_WayPoint29">
        <name>WayPoint22_WayPoint29</name>
        <description><![CDATA[<div>WayPoint22_WayPoint29</div>]]></description>
        <LookAt>
            <longitude>-0.5290565832663262</longitude>
            <latitude>53.26838015279148</latitude>
            <altitude>0.0</altitude>
            <heading>0</heading>
            <tilt>0</tilt>
            <gx:fovy>35</gx:fovy>
            <range>100</range>
            <altitudeMode>absolute</altitudeMode>
        </LookAt>
        <styleUrl>#__managed_style_a</styleUrl>
        <Polygon>
            <outerBoundaryIs>
                <LinearRing>
                    <coordinates>
                        
				-0.5289861340703217,53.268384154772626,0.0 -0.5291270324623307,53.26837615081033,0.0 -0.5289861340703217,53.268384154772626,0.0 
			
                    </coordinates>
                </LinearRing>
            </outerBoundaryIs>
        </Polygon>
    </Placemark>
    <Placemark id="WayPoint26_WayPoint30">
        <name>WayPoint26_WayPoint30</name>
        <description><![CDATA[<div>WayPoint26_WayPoint30</div>]]></description>
        <LookAt>
            <longitude>-0.5292268793484503</longitude>
            <latitude>53.268354162397074</latitude>
            <altitude>0.0</altitude>
            <heading>0</heading>
            <tilt>0</tilt>
            <gx:fovy>35</gx:fovy>
            <range>100</range>
            <altitudeMode>absolute</altitudeMode>
        </LookAt>
        <styleUrl>#__managed_style_a</styleUrl>
        <Polygon>
            <outerBoundaryIs>
                <LinearRing>
                    <coordinates>
                        
				-0.5292858251004968,53.268359153631984,0.0 -0.5291679335964038,53.26834917116216,0.0 -0.5292858251004968,53.268359153631984,0.0 
			
                    </coordinates>
                </LinearRing>
            </outerBoundaryIs>
        </Polygon>
    </Placemark>
    <Placemark id="WayPoint30_WayPoint31">
        <name>WayPoint30_WayPoint31</name>
        <description><![CDATA[<div>WayPoint30_WayPoint31</div>]]></description>
        <LookAt>
            <longitude>-0.5291534979020251</longitude>
            <latitude>53.268336670591836</latitude>
            <altitude>0.0</altitude>
            <heading>0</heading>
            <tilt>0</tilt>
            <gx:fovy>35</gx:fovy>
            <range>100</range>
            <altitudeMode>absolute</altitudeMode>
        </LookAt>
        <styleUrl>#__managed_style_a</styleUrl>
        <Polygon>
            <outerBoundaryIs>
                <LinearRing>
                    <coordinates>
                        
				-0.5291679335964038,53.26834917116216,0.0 -0.5291390622076464,53.26832417002151,0.0 -0.5291679335964038,53.26834917116216,0.0 
			
                    </coordinates>
                </LinearRing>
            </outerBoundaryIs>
        </Polygon>
    </Placemark>
    <Placemark id="WayPoint29_WayPoint30">
        <name>WayPoint29_WayPoint30</name>
        <description><![CDATA[<div>WayPoint29_WayPoint30</div>]]></description>
        <LookAt>
            <longitude>-0.5291474830293672</longitude>
            <latitude>53.26836266098624</latitude>
            <altitude>0.0</altitude>
            <heading>0</heading>
            <tilt>0</tilt>
            <gx:fovy>35</gx:fovy>
            <range>100</range>
            <altitudeMode>absolute</altitudeMode>
        </LookAt>
        <styleUrl>#__managed_style_a</styleUrl>
        <Polygon>
            <outerBoundaryIs>
                <LinearRing>
                    <coordinates>
                        
				-0.5291270324623307,53.26837615081033,0.0 -0.5291679335964038,53.26834917116216,0.0 -0.5291270324623307,53.26837615081033,0.0 
			
                    </coordinates>
                </LinearRing>
            </outerBoundaryIs>
        </Polygon>
    </Placemark>
    <Placemark id="WayPoint30_WayPoint31">
        <name>WayPoint30_WayPoint31</name>
        <description><![CDATA[<div>WayPoint30_WayPoint31</div>]]></description>
        <LookAt>
            <longitude>-0.5291534979020251</longitude>
            <latitude>53.268336670591836</latitude>
            <altitude>0.0</altitude>
            <heading>0</heading>
            <tilt>0</tilt>
            <gx:fovy>35</gx:fovy>
            <range>100</range>
            <altitudeMode>absolute</altitudeMode>
        </LookAt>
        <styleUrl>#__managed_style_a</styleUrl>
        <Polygon>
            <outerBoundaryIs>
                <LinearRing>
                    <coordinates>
                        
				-0.5291679335964038,53.26834917116216,0.0 -0.5291390622076464,53.26832417002151,0.0 -0.5291679335964038,53.26834917116216,0.0 
			
                    </coordinates>
                </LinearRing>
            </outerBoundaryIs>
        </Polygon>
    </Placemark>
    <Placemark id="WayPoint32_WayPoint9">
        <name>WayPoint32_WayPoint9</name>
        <description><![CDATA[<div>WayPoint32_WayPoint9</div>]]></description>
        <LookAt>
            <longitude>-0.5287268178728622</longitude>
            <latitude>53.26848352981008</latitude>
            <altitude>0.0</altitude>
            <heading>0</heading>
            <tilt>0</tilt>
            <gx:fovy>35</gx:fovy>
            <range>100</range>
            <altitudeMode>absolute</altitudeMode>
        </LookAt>
        <styleUrl>#__managed_style_a</styleUrl>
        <Polygon>
            <outerBoundaryIs>
                <LinearRing>
                    <coordinates>
                        
				-0.5287363664832065,53.268482000963346,0.0 -0.5287172692625179,53.26848505865681,0.0 -0.5287363664832065,53.268482000963346,0.0 
			
                    </coordinates>
                </LinearRing>
            </outerBoundaryIs>
        </Polygon>
    </Placemark>
    <Placemark id="WayPoint32_WayPoint33">
        <name>WayPoint32_WayPoint33</name>
        <description><![CDATA[<div>WayPoint32_WayPoint33</div>]]></description>
        <LookAt>
            <longitude>-0.5287113295757684</longitude>
            <latitude>53.26843204364813</latitude>
            <altitude>0.0</altitude>
            <heading>0</heading>
            <tilt>0</tilt>
            <gx:fovy>35</gx:fovy>
            <range>100</range>
            <altitudeMode>absolute</altitudeMode>
        </LookAt>
        <styleUrl>#__managed_style_a</styleUrl>
        <Polygon>
            <outerBoundaryIs>
                <LinearRing>
                    <coordinates>
                        
				-0.5287363664832065,53.268482000963346,0.0 -0.5286862926683302,53.26838208633293,0.0 -0.5287363664832065,53.268482000963346,0.0 
			
                    </coordinates>
                </LinearRing>
            </outerBoundaryIs>
        </Polygon>
    </Placemark>
    <Placemark id="WayPoint32_WayPoint33">
        <name>WayPoint32_WayPoint33</name>
        <description><![CDATA[<div>WayPoint32_WayPoint33</div>]]></description>
        <LookAt>
            <longitude>-0.5287113295757684</longitude>
            <latitude>53.26843204364813</latitude>
            <altitude>0.0</altitude>
            <heading>0</heading>
            <tilt>0</tilt>
            <gx:fovy>35</gx:fovy>
            <range>100</range>
            <altitudeMode>absolute</altitudeMode>
        </LookAt>
        <styleUrl>#__managed_style_a</styleUrl>
        <Polygon>
            <outerBoundaryIs>
                <LinearRing>
                    <coordinates>
                        
				-0.5287363664832065,53.268482000963346,0.0 -0.5286862926683302,53.26838208633293,0.0 -0.5287363664832065,53.268482000963346,0.0 
			
                    </coordinates>
                </LinearRing>
            </outerBoundaryIs>
        </Polygon>
    </Placemark>
    <Placemark id="WayPoint34_WayPoint35">
        <name>WayPoint34_WayPoint35</name>
        <description><![CDATA[<div>WayPoint34_WayPoint35</div>]]></description>
        <LookAt>
            <longitude>-0.5286378729434349</longitude>
            <latitude>53.26838015279148</latitude>
            <altitude>0.0</altitude>
            <heading>0</heading>
            <tilt>0</tilt>
            <gx:fovy>35</gx:fovy>
            <range>100</range>
            <altitudeMode>absolute</altitudeMode>
        </LookAt>
        <styleUrl>#__managed_style_a</styleUrl>
        <Polygon>
            <outerBoundaryIs>
                <LinearRing>
                    <coordinates>
                        
				-0.5286843378347165,53.268465093717154,0.0 -0.5285914080521534,53.2682952118658,0.0 -0.5286843378347165,53.268465093717154,0.0 
			
                    </coordinates>
                </LinearRing>
            </outerBoundaryIs>
        </Polygon>
    </Placemark>
    <Placemark id="WayPoint34_WayPoint9">
        <name>WayPoint34_WayPoint9</name>
        <description><![CDATA[<div>WayPoint34_WayPoint9</div>]]></description>
        <LookAt>
            <longitude>-0.5287008035486171</longitude>
            <latitude>53.26847507618698</latitude>
            <altitude>0.0</altitude>
            <heading>0</heading>
            <tilt>0</tilt>
            <gx:fovy>35</gx:fovy>
            <range>100</range>
            <altitudeMode>absolute</altitudeMode>
        </LookAt>
        <styleUrl>#__managed_style_a</styleUrl>
        <Polygon>
            <outerBoundaryIs>
                <LinearRing>
                    <coordinates>
                        
				-0.5286843378347165,53.268465093717154,0.0 -0.5287172692625179,53.26848505865681,0.0 -0.5286843378347165,53.268465093717154,0.0 
			
                    </coordinates>
                </LinearRing>
            </outerBoundaryIs>
        </Polygon>
    </Placemark>
    <Placemark id="WayPoint34_WayPoint35">
        <name>WayPoint34_WayPoint35</name>
        <description><![CDATA[<div>WayPoint34_WayPoint35</div>]]></description>
        <LookAt>
            <longitude>-0.5286378729434349</longitude>
            <latitude>53.26838015279148</latitude>
            <altitude>0.0</altitude>
            <heading>0</heading>
            <tilt>0</tilt>
            <gx:fovy>35</gx:fovy>
            <range>100</range>
            <altitudeMode>absolute</altitudeMode>
        </LookAt>
        <styleUrl>#__managed_style_a</styleUrl>
        <Polygon>
            <outerBoundaryIs>
                <LinearRing>
                    <coordinates>
                        
				-0.5286843378347165,53.268465093717154,0.0 -0.5285914080521534,53.2682952118658,0.0 -0.5286843378347165,53.268465093717154,0.0 
			
                    </coordinates>
                </LinearRing>
            </outerBoundaryIs>
        </Polygon>
    </Placemark>
    <Placemark id="WayPoint35_WayPoint36">
        <name>WayPoint35_WayPoint36</name>
        <description><![CDATA[<div>WayPoint35_WayPoint36</div>]]></description>
        <LookAt>
            <longitude>-0.5285454694622295</longitude>
            <latitude>53.26829719037333</latitude>
            <altitude>0.0</altitude>
            <heading>0</heading>
            <tilt>0</tilt>
            <gx:fovy>35</gx:fovy>
            <range>100</range>
            <altitudeMode>absolute</altitudeMode>
        </LookAt>
        <styleUrl>#__managed_style_a</styleUrl>
        <Polygon>
            <outerBoundaryIs>
                <LinearRing>
                    <coordinates>
                        
				-0.5285914080521534,53.2682952118658,0.0 -0.5284995308723055,53.268299168880866,0.0 -0.5285914080521534,53.2682952118658,0.0 
			
                    </coordinates>
                </LinearRing>
            </outerBoundaryIs>
        </Polygon>
    </Placemark>
    <Placemark id="WayPoint35_WayPoint36">
        <name>WayPoint35_WayPoint36</name>
        <description><![CDATA[<div>WayPoint35_WayPoint36</div>]]></description>
        <LookAt>
            <longitude>-0.5285454694622295</longitude>
            <latitude>53.26829719037333</latitude>
            <altitude>0.0</altitude>
            <heading>0</heading>
            <tilt>0</tilt>
            <gx:fovy>35</gx:fovy>
            <range>100</range>
            <altitudeMode>absolute</altitudeMode>
        </LookAt>
        <styleUrl>#__managed_style_a</styleUrl>
        <Polygon>
            <outerBoundaryIs>
                <LinearRing>
                    <coordinates>
                        
				-0.5285914080521534,53.2682952118658,0.0 -0.5284995308723055,53.268299168880866,0.0 -0.5285914080521534,53.2682952118658,0.0 
			
                    </coordinates>
                </LinearRing>
            </outerBoundaryIs>
        </Polygon>
    </Placemark>
    <Placemark id="WayPoint36_WayPoint37">
        <name>WayPoint36_WayPoint37</name>
        <description><![CDATA[<div>WayPoint36_WayPoint37</div>]]></description>
        <LookAt>
            <longitude>-0.528453065981024</longitude>
            <latitude>53.26831468217857</latitude>
            <altitude>0.0</altitude>
            <heading>0</heading>
            <tilt>0</tilt>
            <gx:fovy>35</gx:fovy>
            <range>100</range>
            <altitudeMode>absolute</altitudeMode>
        </LookAt>
        <styleUrl>#__managed_style_a</styleUrl>
        <Polygon>
            <outerBoundaryIs>
                <LinearRing>
                    <coordinates>
                        
				-0.5284995308723055,53.268299168880866,0.0 -0.5284066010897425,53.26833019547627,0.0 -0.5284995308723055,53.268299168880866,0.0 
			
                    </coordinates>
                </LinearRing>
            </outerBoundaryIs>
        </Polygon>
    </Placemark>
    <Placemark id="WayPoint37_WayPoint5">
        <name>WayPoint37_WayPoint5</name>
        <description><![CDATA[<div>WayPoint37_WayPoint5</div>]]></description>
        <LookAt>
            <longitude>-0.5283601361984609</longitude>
            <latitude>53.26834966578904</latitude>
            <altitude>0.0</altitude>
            <heading>0</heading>
            <tilt>0</tilt>
            <gx:fovy>35</gx:fovy>
            <range>100</range>
            <altitudeMode>absolute</altitudeMode>
        </LookAt>
        <styleUrl>#__managed_style_a</styleUrl>
        <Polygon>
            <outerBoundaryIs>
                <LinearRing>
                    <coordinates>
                        
				-0.5284066010897425,53.26833019547627,0.0 -0.5283136713071793,53.26836913610181,0.0 -0.5284066010897425,53.26833019547627,0.0 
			
                    </coordinates>
                </LinearRing>
            </outerBoundaryIs>
        </Polygon>
    </Placemark>
    <Placemark id="WayPoint36_WayPoint37">
        <name>WayPoint36_WayPoint37</name>
        <description><![CDATA[<div>WayPoint36_WayPoint37</div>]]></description>
        <LookAt>
            <longitude>-0.528453065981024</longitude>
            <latitude>53.26831468217857</latitude>
            <altitude>0.0</altitude>
            <heading>0</heading>
            <tilt>0</tilt>
            <gx:fovy>35</gx:fovy>
            <range>100</range>
            <altitudeMode>absolute</altitudeMode>
        </LookAt>
        <styleUrl>#__managed_style_a</styleUrl>
        <Polygon>
            <outerBoundaryIs>
                <LinearRing>
                    <coordinates>
                        
				-0.5284995308723055,53.268299168880866,0.0 -0.5284066010897425,53.26833019547627,0.0 -0.5284995308723055,53.268299168880866,0.0 
			
                    </coordinates>
                </LinearRing>
            </outerBoundaryIs>
        </Polygon>
    </Placemark>
    <Placemark id="WayPoint38_WayPoint39">
        <name>WayPoint38_WayPoint39</name>
        <description><![CDATA[<div>WayPoint38_WayPoint39</div>]]></description>
        <LookAt>
            <longitude>-0.5280123261870235</longitude>
            <latitude>53.26838312055278</latitude>
            <altitude>0.0</altitude>
            <heading>0</heading>
            <tilt>0</tilt>
            <gx:fovy>35</gx:fovy>
            <range>100</range>
            <altitudeMode>absolute</altitudeMode>
        </LookAt>
        <styleUrl>#__managed_style_a</styleUrl>
        <Polygon>
            <outerBoundaryIs>
                <LinearRing>
                    <coordinates>
                        
				-0.5280338293567751,53.26836212139328,0.0 -0.5279908230172718,53.26840411971227,0.0 -0.5280338293567751,53.26836212139328,0.0 
			
                    </coordinates>
                </LinearRing>
            </outerBoundaryIs>
        </Polygon>
    </Placemark>
    <Placemark id="WayPoint38_WayPoint4">
        <name>WayPoint38_WayPoint4</name>
        <description><![CDATA[<div>WayPoint38_WayPoint4</div>]]></description>
        <LookAt>
            <longitude>-0.5280508213720334</longitude>
            <latitude>53.26833113976396</latitude>
            <altitude>0.0</altitude>
            <heading>0</heading>
            <tilt>0</tilt>
            <gx:fovy>35</gx:fovy>
            <range>100</range>
            <altitudeMode>absolute</altitudeMode>
        </LookAt>
        <styleUrl>#__managed_style_a</styleUrl>
        <Polygon>
            <outerBoundaryIs>
                <LinearRing>
                    <coordinates>
                        
				-0.5280338293567751,53.26836212139328,0.0 -0.5280678133872917,53.26830015813463,0.0 -0.5280338293567751,53.26836212139328,0.0 
			
                    </coordinates>
                </LinearRing>
            </outerBoundaryIs>
        </Polygon>
    </Placemark>
    <Placemark id="WayPoint38_WayPoint39">
        <name>WayPoint38_WayPoint39</name>
        <description><![CDATA[<div>WayPoint38_WayPoint39</div>]]></description>
        <LookAt>
            <longitude>-0.5280123261870235</longitude>
            <latitude>53.26838312055278</latitude>
            <altitude>0.0</altitude>
            <heading>0</heading>
            <tilt>0</tilt>
            <gx:fovy>35</gx:fovy>
            <range>100</range>
            <altitudeMode>absolute</altitudeMode>
        </LookAt>
        <styleUrl>#__managed_style_a</styleUrl>
        <Polygon>
            <outerBoundaryIs>
                <LinearRing>
                    <coordinates>
                        
				-0.5280338293567751,53.26836212139328,0.0 -0.5279908230172718,53.26840411971227,0.0 -0.5280338293567751,53.26836212139328,0.0 
			
                    </coordinates>
                </LinearRing>
            </outerBoundaryIs>
        </Polygon>
    </Placemark>
    <Placemark id="WayPoint39_WayPoint40">
        <name>WayPoint39_WayPoint40</name>
        <description><![CDATA[<div>WayPoint39_WayPoint40</div>]]></description>
        <LookAt>
            <longitude>-0.5279718761683998</longitude>
            <latitude>53.26841558606275</latitude>
            <altitude>0.0</altitude>
            <heading>0</heading>
            <tilt>0</tilt>
            <gx:fovy>35</gx:fovy>
            <range>100</range>
            <altitudeMode>absolute</altitudeMode>
        </LookAt>
        <styleUrl>#__managed_style_a</styleUrl>
        <Polygon>
            <outerBoundaryIs>
                <LinearRing>
                    <coordinates>
                        
				-0.5279908230172718,53.26840411971227,0.0 -0.5279529293195278,53.26842705241323,0.0 -0.5279908230172718,53.26840411971227,0.0 
			
                    </coordinates>
                </LinearRing>
            </outerBoundaryIs>
        </Polygon>
    </Placemark>
    <Placemark id="WayPoint40_WayPoint41">
        <name>WayPoint40_WayPoint41</name>
        <description><![CDATA[<div>WayPoint40_WayPoint41</div>]]></description>
        <LookAt>
            <longitude>-0.5279284187134472</longitude>
            <latitude>53.26843604562929</latitude>
            <altitude>0.0</altitude>
            <heading>0</heading>
            <tilt>0</tilt>
            <gx:fovy>35</gx:fovy>
            <range>100</range>
            <altitudeMode>absolute</altitudeMode>
        </LookAt>
        <styleUrl>#__managed_style_a</styleUrl>
        <Polygon>
            <outerBoundaryIs>
                <LinearRing>
                    <coordinates>
                        
				-0.5279529293195278,53.26842705241323,0.0 -0.5279039081073666,53.26844503884534,0.0 -0.5279529293195278,53.26842705241323,0.0 
			
                    </coordinates>
                </LinearRing>
            </outerBoundaryIs>
        </Polygon>
    </Placemark>
    <Placemark id="WayPoint39_WayPoint40">
        <name>WayPoint39_WayPoint40</name>
        <description><![CDATA[<div>WayPoint39_WayPoint40</div>]]></description>
        <LookAt>
            <longitude>-0.5279718761683998</longitude>
            <latitude>53.26841558606275</latitude>
            <altitude>0.0</altitude>
            <heading>0</heading>
            <tilt>0</tilt>
            <gx:fovy>35</gx:fovy>
            <range>100</range>
            <altitudeMode>absolute</altitudeMode>
        </LookAt>
        <styleUrl>#__managed_style_a</styleUrl>
        <Polygon>
            <outerBoundaryIs>
                <LinearRing>
                    <coordinates>
                        
				-0.5279908230172718,53.26840411971227,0.0 -0.5279529293195278,53.26842705241323,0.0 -0.5279908230172718,53.26840411971227,0.0 
			
                    </coordinates>
                </LinearRing>
            </outerBoundaryIs>
        </Polygon>
    </Placemark>
    <Placemark id="WayPoint40_WayPoint41">
        <name>WayPoint40_WayPoint41</name>
        <description><![CDATA[<div>WayPoint40_WayPoint41</div>]]></description>
        <LookAt>
            <longitude>-0.5279284187134472</longitude>
            <latitude>53.26843604562929</latitude>
            <altitude>0.0</altitude>
            <heading>0</heading>
            <tilt>0</tilt>
            <gx:fovy>35</gx:fovy>
            <range>100</range>
            <altitudeMode>absolute</altitudeMode>
        </LookAt>
        <styleUrl>#__managed_style_a</styleUrl>
        <Polygon>
            <outerBoundaryIs>
                <LinearRing>
                    <coordinates>
                        
				-0.5279529293195278,53.26842705241323,0.0 -0.5279039081073666,53.26844503884534,0.0 -0.5279529293195278,53.26842705241323,0.0 
			
                    </coordinates>
                </LinearRing>
            </outerBoundaryIs>
        </Polygon>
    </Placemark>
    <Placemark id="WayPoint41_WayPoint42">
        <name>WayPoint41_WayPoint42</name>
        <description><![CDATA[<div>WayPoint41_WayPoint42</div>]]></description>
        <LookAt>
            <longitude>-0.5278639843901005</longitude>
            <latitude>53.26844854619961</latitude>
            <altitude>0.0</altitude>
            <heading>0</heading>
            <tilt>0</tilt>
            <gx:fovy>35</gx:fovy>
            <range>100</range>
            <altitudeMode>absolute</altitudeMode>
        </LookAt>
        <styleUrl>#__managed_style_a</styleUrl>
        <Polygon>
            <outerBoundaryIs>
                <LinearRing>
                    <coordinates>
                        
				-0.5279039081073666,53.26844503884534,0.0 -0.5278240606728343,53.26845205355387,0.0 -0.5279039081073666,53.26844503884534,0.0 
			
                    </coordinates>
                </LinearRing>
            </outerBoundaryIs>
        </Polygon>
    </Placemark>
    <Placemark id="WayPoint41_WayPoint42">
        <name>WayPoint41_WayPoint42</name>
        <description><![CDATA[<div>WayPoint41_WayPoint42</div>]]></description>
        <LookAt>
            <longitude>-0.5278639843901005</longitude>
            <latitude>53.26844854619961</latitude>
            <altitude>0.0</altitude>
            <heading>0</heading>
            <tilt>0</tilt>
            <gx:fovy>35</gx:fovy>
            <range>100</range>
            <altitudeMode>absolute</altitudeMode>
        </LookAt>
        <styleUrl>#__managed_style_a</styleUrl>
        <Polygon>
            <outerBoundaryIs>
                <LinearRing>
                    <coordinates>
                        
				-0.5279039081073666,53.26844503884534,0.0 -0.5278240606728343,53.26845205355387,0.0 -0.5279039081073666,53.26844503884534,0.0 
			
                    </coordinates>
                </LinearRing>
            </outerBoundaryIs>
        </Polygon>
    </Placemark>
    <Placemark id="WayPoint42_WayPoint43">
        <name>WayPoint42_WayPoint43</name>
        <description><![CDATA[<div>WayPoint42_WayPoint43</div>]]></description>
        <LookAt>
            <longitude>-0.527771580908895</longitude>
            <latitude>53.26844958041946</latitude>
            <altitude>0.0</altitude>
            <heading>0</heading>
            <tilt>0</tilt>
            <gx:fovy>35</gx:fovy>
            <range>100</range>
            <altitudeMode>absolute</altitudeMode>
        </LookAt>
        <styleUrl>#__managed_style_a</styleUrl>
        <Polygon>
            <outerBoundaryIs>
                <LinearRing>
                    <coordinates>
                        
				-0.5278240606728343,53.26845205355387,0.0 -0.5277191011449556,53.268447107285034,0.0 -0.5278240606728343,53.26845205355387,0.0 
			
                    </coordinates>
                </LinearRing>
            </outerBoundaryIs>
        </Polygon>
    </Placemark>
    <Placemark id="WayPoint43_WayPoint44">
        <name>WayPoint43_WayPoint44</name>
        <description><![CDATA[<div>WayPoint43_WayPoint44</div>]]></description>
        <LookAt>
            <longitude>-0.5276985753920108</longitude>
            <latitude>53.26843959794962</latitude>
            <altitude>0.0</altitude>
            <heading>0</heading>
            <tilt>0</tilt>
            <gx:fovy>35</gx:fovy>
            <range>100</range>
            <altitudeMode>absolute</altitudeMode>
        </LookAt>
        <styleUrl>#__managed_style_a</styleUrl>
        <Polygon>
            <outerBoundaryIs>
                <LinearRing>
                    <coordinates>
                        
				-0.5277191011449556,53.268447107285034,0.0 -0.5276780496390661,53.26843208861422,0.0 -0.5277191011449556,53.268447107285034,0.0 
			
                    </coordinates>
                </LinearRing>
            </outerBoundaryIs>
        </Polygon>
    </Placemark>
    <Placemark id="WayPoint42_WayPoint43">
        <name>WayPoint42_WayPoint43</name>
        <description><![CDATA[<div>WayPoint42_WayPoint43</div>]]></description>
        <LookAt>
            <longitude>-0.527771580908895</longitude>
            <latitude>53.26844958041946</latitude>
            <altitude>0.0</altitude>
            <heading>0</heading>
            <tilt>0</tilt>
            <gx:fovy>35</gx:fovy>
            <range>100</range>
            <altitudeMode>absolute</altitudeMode>
        </LookAt>
        <styleUrl>#__managed_style_a</styleUrl>
        <Polygon>
            <outerBoundaryIs>
                <LinearRing>
                    <coordinates>
                        
				-0.5278240606728343,53.26845205355387,0.0 -0.5277191011449556,53.268447107285034,0.0 -0.5278240606728343,53.26845205355387,0.0 
			
                    </coordinates>
                </LinearRing>
            </outerBoundaryIs>
        </Polygon>
    </Placemark>
    <Placemark id="WayPoint44_WayPoint45">
        <name>WayPoint44_WayPoint45</name>
        <description><![CDATA[<div>WayPoint44_WayPoint45</div>]]></description>
        <LookAt>
            <longitude>-0.527649629365758</longitude>
            <latitude>53.26841311292833</latitude>
            <altitude>0.0</altitude>
            <heading>0</heading>
            <tilt>0</tilt>
            <gx:fovy>35</gx:fovy>
            <range>100</range>
            <altitudeMode>absolute</altitudeMode>
        </LookAt>
        <styleUrl>#__managed_style_a</styleUrl>
        <Polygon>
            <outerBoundaryIs>
                <LinearRing>
                    <coordinates>
                        
				-0.5276780496390661,53.26843208861422,0.0 -0.5276212090924499,53.268394137242446,0.0 -0.5276780496390661,53.26843208861422,0.0 
			
                    </coordinates>
                </LinearRing>
            </outerBoundaryIs>
        </Polygon>
    </Placemark>
    <Placemark id="WayPoint43_WayPoint44">
        <name>WayPoint43_WayPoint44</name>
        <description><![CDATA[<div>WayPoint43_WayPoint44</div>]]></description>
        <LookAt>
            <longitude>-0.5276985753920108</longitude>
            <latitude>53.26843959794962</latitude>
            <altitude>0.0</altitude>
            <heading>0</heading>
            <tilt>0</tilt>
            <gx:fovy>35</gx:fovy>
            <range>100</range>
            <altitudeMode>absolute</altitudeMode>
        </LookAt>
        <styleUrl>#__managed_style_a</styleUrl>
        <Polygon>
            <outerBoundaryIs>
                <LinearRing>
                    <coordinates>
                        
				-0.5277191011449556,53.268447107285034,0.0 -0.5276780496390661,53.26843208861422,0.0 -0.5277191011449556,53.268447107285034,0.0 
			
                    </coordinates>
                </LinearRing>
            </outerBoundaryIs>
        </Polygon>
    </Placemark>
    <Placemark id="WayPoint44_WayPoint73">
        <name>WayPoint44_WayPoint73</name>
        <description><![CDATA[<div>WayPoint44_WayPoint73</div>]]></description>
        <LookAt>
            <longitude>-0.5276530879175362</longitude>
            <latitude>53.26843258324111</latitude>
            <altitude>0.0</altitude>
            <heading>0</heading>
            <tilt>0</tilt>
            <gx:fovy>35</gx:fovy>
            <range>100</range>
            <altitudeMode>absolute</altitudeMode>
        </LookAt>
        <styleUrl>#__managed_style_a</styleUrl>
        <Polygon>
            <outerBoundaryIs>
                <LinearRing>
                    <coordinates>
                        
				-0.5276780496390661,53.26843208861422,0.0 -0.5276281261960063,53.26843307786799,0.0 -0.5276780496390661,53.26843208861422,0.0 
			
                    </coordinates>
                </LinearRing>
            </outerBoundaryIs>
        </Polygon>
    </Placemark>
    <Placemark id="WayPoint44_WayPoint45">
        <name>WayPoint44_WayPoint45</name>
        <description><![CDATA[<div>WayPoint44_WayPoint45</div>]]></description>
        <LookAt>
            <longitude>-0.527649629365758</longitude>
            <latitude>53.26841311292833</latitude>
            <altitude>0.0</altitude>
            <heading>0</heading>
            <tilt>0</tilt>
            <gx:fovy>35</gx:fovy>
            <range>100</range>
            <altitudeMode>absolute</altitudeMode>
        </LookAt>
        <styleUrl>#__managed_style_a</styleUrl>
        <Polygon>
            <outerBoundaryIs>
                <LinearRing>
                    <coordinates>
                        
				-0.5276780496390661,53.26843208861422,0.0 -0.5276212090924499,53.268394137242446,0.0 -0.5276780496390661,53.26843208861422,0.0 
			
                    </coordinates>
                </LinearRing>
            </outerBoundaryIs>
        </Polygon>
    </Placemark>
    <Placemark id="WayPoint45_WayPoint46">
        <name>WayPoint45_WayPoint46</name>
        <description><![CDATA[<div>WayPoint45_WayPoint46</div>]]></description>
        <LookAt>
            <longitude>-0.527604668192641</longitude>
            <latitude>53.26838563865327</latitude>
            <altitude>0.0</altitude>
            <heading>0</heading>
            <tilt>0</tilt>
            <gx:fovy>35</gx:fovy>
            <range>100</range>
            <altitudeMode>absolute</altitudeMode>
        </LookAt>
        <styleUrl>#__managed_style_a</styleUrl>
        <Polygon>
            <outerBoundaryIs>
                <LinearRing>
                    <coordinates>
                        
				-0.5276212090924499,53.268394137242446,0.0 -0.527588127292832,53.268377140064096,0.0 -0.5276212090924499,53.268394137242446,0.0 
			
                    </coordinates>
                </LinearRing>
            </outerBoundaryIs>
        </Polygon>
    </Placemark>
    <Placemark id="WayPoint45_WayPoint73">
        <name>WayPoint45_WayPoint73</name>
        <description><![CDATA[<div>WayPoint45_WayPoint73</div>]]></description>
        <LookAt>
            <longitude>-0.5276246676442281</longitude>
            <latitude>53.26841360755522</latitude>
            <altitude>0.0</altitude>
            <heading>0</heading>
            <tilt>0</tilt>
            <gx:fovy>35</gx:fovy>
            <range>100</range>
            <altitudeMode>absolute</altitudeMode>
        </LookAt>
        <styleUrl>#__managed_style_a</styleUrl>
        <Polygon>
            <outerBoundaryIs>
                <LinearRing>
                    <coordinates>
                        
				-0.5276212090924499,53.268394137242446,0.0 -0.5276281261960063,53.26843307786799,0.0 -0.5276212090924499,53.268394137242446,0.0 
			
                    </coordinates>
                </LinearRing>
            </outerBoundaryIs>
        </Polygon>
    </Placemark>
    <Placemark id="WayPoint46_WayPoint47">
        <name>WayPoint46_WayPoint47</name>
        <description><![CDATA[<div>WayPoint46_WayPoint47</div>]]></description>
        <LookAt>
            <longitude>-0.5274667772369608</longitude>
            <latitude>53.268323675394626</latitude>
            <altitude>0.0</altitude>
            <heading>0</heading>
            <tilt>0</tilt>
            <gx:fovy>35</gx:fovy>
            <range>100</range>
            <altitudeMode>absolute</altitudeMode>
        </LookAt>
        <styleUrl>#__managed_style_a</styleUrl>
        <Polygon>
            <outerBoundaryIs>
                <LinearRing>
                    <coordinates>
                        
				-0.527588127292832,53.268377140064096,0.0 -0.5273454271810896,53.268270210725156,0.0 -0.527588127292832,53.268377140064096,0.0 
			
                    </coordinates>
                </LinearRing>
            </outerBoundaryIs>
        </Polygon>
    </Placemark>
    <Placemark id="WayPoint45_WayPoint46">
        <name>WayPoint45_WayPoint46</name>
        <description><![CDATA[<div>WayPoint45_WayPoint46</div>]]></description>
        <LookAt>
            <longitude>-0.527604668192641</longitude>
            <latitude>53.26838563865327</latitude>
            <altitude>0.0</altitude>
            <heading>0</heading>
            <tilt>0</tilt>
            <gx:fovy>35</gx:fovy>
            <range>100</range>
            <altitudeMode>absolute</altitudeMode>
        </LookAt>
        <styleUrl>#__managed_style_a</styleUrl>
        <Polygon>
            <outerBoundaryIs>
                <LinearRing>
                    <coordinates>
                        
				-0.5276212090924499,53.268394137242446,0.0 -0.527588127292832,53.268377140064096,0.0 -0.5276212090924499,53.268394137242446,0.0 
			
                    </coordinates>
                </LinearRing>
            </outerBoundaryIs>
        </Polygon>
    </Placemark>
    <Placemark id="WayPoint47_WayPoint48">
        <name>WayPoint47_WayPoint48</name>
        <description><![CDATA[<div>WayPoint47_WayPoint48</div>]]></description>
        <LookAt>
            <longitude>-0.5273188865554871</longitude>
            <latitude>53.268262701389745</latitude>
            <altitude>0.0</altitude>
            <heading>0</heading>
            <tilt>0</tilt>
            <gx:fovy>35</gx:fovy>
            <range>100</range>
            <altitudeMode>absolute</altitudeMode>
        </LookAt>
        <styleUrl>#__managed_style_a</styleUrl>
        <Polygon>
            <outerBoundaryIs>
                <LinearRing>
                    <coordinates>
                        
				-0.5273454271810896,53.268270210725156,0.0 -0.5272923459298846,53.26825519205433,0.0 -0.5273454271810896,53.268270210725156,0.0 
			
                    </coordinates>
                </LinearRing>
            </outerBoundaryIs>
        </Polygon>
    </Placemark>
    <Placemark id="WayPoint46_WayPoint47">
        <name>WayPoint46_WayPoint47</name>
        <description><![CDATA[<div>WayPoint46_WayPoint47</div>]]></description>
        <LookAt>
            <longitude>-0.5274667772369608</longitude>
            <latitude>53.268323675394626</latitude>
            <altitude>0.0</altitude>
            <heading>0</heading>
            <tilt>0</tilt>
            <gx:fovy>35</gx:fovy>
            <range>100</range>
            <altitudeMode>absolute</altitudeMode>
        </LookAt>
        <styleUrl>#__managed_style_a</styleUrl>
        <Polygon>
            <outerBoundaryIs>
                <LinearRing>
                    <coordinates>
                        
				-0.527588127292832,53.268377140064096,0.0 -0.5273454271810896,53.268270210725156,0.0 -0.527588127292832,53.268377140064096,0.0 
			
                    </coordinates>
                </LinearRing>
            </outerBoundaryIs>
        </Polygon>
    </Placemark>
    <Placemark id="WayPoint48_WayPoint49">
        <name>WayPoint48_WayPoint49</name>
        <description><![CDATA[<div>WayPoint48_WayPoint49</div>]]></description>
        <LookAt>
            <longitude>-0.5272894136794639</longitude>
            <latitude>53.26823522711469</latitude>
            <altitude>0.0</altitude>
            <heading>0</heading>
            <tilt>0</tilt>
            <gx:fovy>35</gx:fovy>
            <range>100</range>
            <altitudeMode>absolute</altitudeMode>
        </LookAt>
        <styleUrl>#__managed_style_a</styleUrl>
        <Polygon>
            <outerBoundaryIs>
                <LinearRing>
                    <coordinates>
                        
				-0.5272923459298846,53.26825519205433,0.0 -0.5272864814290432,53.26821526217503,0.0 -0.5272923459298846,53.26825519205433,0.0 
			
                    </coordinates>
                </LinearRing>
            </outerBoundaryIs>
        </Polygon>
    </Placemark>
    <Placemark id="WayPoint47_WayPoint48">
        <name>WayPoint47_WayPoint48</name>
        <description><![CDATA[<div>WayPoint47_WayPoint48</div>]]></description>
        <LookAt>
            <longitude>-0.5273188865554871</longitude>
            <latitude>53.268262701389745</latitude>
            <altitude>0.0</altitude>
            <heading>0</heading>
            <tilt>0</tilt>
            <gx:fovy>35</gx:fovy>
            <range>100</range>
            <altitudeMode>absolute</altitudeMode>
        </LookAt>
        <styleUrl>#__managed_style_a</styleUrl>
        <Polygon>
            <outerBoundaryIs>
                <LinearRing>
                    <coordinates>
                        
				-0.5273454271810896,53.268270210725156,0.0 -0.5272923459298846,53.26825519205433,0.0 -0.5273454271810896,53.268270210725156,0.0 
			
                    </coordinates>
                </LinearRing>
            </outerBoundaryIs>
        </Polygon>
    </Placemark>
    <Placemark id="WayPoint48_WayPoint66">
        <name>WayPoint48_WayPoint66</name>
        <description><![CDATA[<div>WayPoint48_WayPoint66</div>]]></description>
        <LookAt>
            <longitude>-0.527284376223613</longitude>
            <latitude>53.26827569658695</latitude>
            <altitude>0.0</altitude>
            <heading>0</heading>
            <tilt>0</tilt>
            <gx:fovy>35</gx:fovy>
            <range>100</range>
            <altitudeMode>absolute</altitudeMode>
        </LookAt>
        <styleUrl>#__managed_style_a</styleUrl>
        <Polygon>
            <outerBoundaryIs>
                <LinearRing>
                    <coordinates>
                        
				-0.5272923459298846,53.26825519205433,0.0 -0.5272764065173413,53.26829620111956,0.0 -0.5272923459298846,53.26825519205433,0.0 
			
                    </coordinates>
                </LinearRing>
            </outerBoundaryIs>
        </Polygon>
    </Placemark>
    <Placemark id="WayPoint48_WayPoint49">
        <name>WayPoint48_WayPoint49</name>
        <description><![CDATA[<div>WayPoint48_WayPoint49</div>]]></description>
        <LookAt>
            <longitude>-0.5272894136794639</longitude>
            <latitude>53.26823522711469</latitude>
            <altitude>0.0</altitude>
            <heading>0</heading>
            <tilt>0</tilt>
            <gx:fovy>35</gx:fovy>
            <range>100</range>
            <altitudeMode>absolute</altitudeMode>
        </LookAt>
        <styleUrl>#__managed_style_a</styleUrl>
        <Polygon>
            <outerBoundaryIs>
                <LinearRing>
                    <coordinates>
                        
				-0.5272923459298846,53.26825519205433,0.0 -0.5272864814290432,53.26821526217503,0.0 -0.5272923459298846,53.26825519205433,0.0 
			
                    </coordinates>
                </LinearRing>
            </outerBoundaryIs>
        </Polygon>
    </Placemark>
    <Placemark id="WayPoint49_WayPoint50">
        <name>WayPoint49_WayPoint50</name>
        <description><![CDATA[<div>WayPoint49_WayPoint50</div>]]></description>
        <LookAt>
            <longitude>-0.5272754291005345</longitude>
            <latitude>53.26817578195653</latitude>
            <altitude>0.0</altitude>
            <heading>0</heading>
            <tilt>0</tilt>
            <gx:fovy>35</gx:fovy>
            <range>100</range>
            <altitudeMode>absolute</altitudeMode>
        </LookAt>
        <styleUrl>#__managed_style_a</styleUrl>
        <Polygon>
            <outerBoundaryIs>
                <LinearRing>
                    <coordinates>
                        
				-0.5272864814290432,53.26821526217503,0.0 -0.5272643767720258,53.26813630173803,0.0 -0.5272864814290432,53.26821526217503,0.0 
			
                    </coordinates>
                </LinearRing>
            </outerBoundaryIs>
        </Polygon>
    </Placemark>
    <Placemark id="WayPoint49_WayPoint50">
        <name>WayPoint49_WayPoint50</name>
        <description><![CDATA[<div>WayPoint49_WayPoint50</div>]]></description>
        <LookAt>
            <longitude>-0.5272754291005345</longitude>
            <latitude>53.26817578195653</latitude>
            <altitude>0.0</altitude>
            <heading>0</heading>
            <tilt>0</tilt>
            <gx:fovy>35</gx:fovy>
            <range>100</range>
            <altitudeMode>absolute</altitudeMode>
        </LookAt>
        <styleUrl>#__managed_style_a</styleUrl>
        <Polygon>
            <outerBoundaryIs>
                <LinearRing>
                    <coordinates>
                        
				-0.5272864814290432,53.26821526217503,0.0 -0.5272643767720258,53.26813630173803,0.0 -0.5272864814290432,53.26821526217503,0.0 
			
                    </coordinates>
                </LinearRing>
            </outerBoundaryIs>
        </Polygon>
    </Placemark>
    <Placemark id="WayPoint50_WayPoint59">
        <name>WayPoint50_WayPoint59</name>
        <description><![CDATA[<div>WayPoint50_WayPoint59</div>]]></description>
        <LookAt>
            <longitude>-0.5272754291005345</longitude>
            <latitude>53.26812330654083</latitude>
            <altitude>0.0</altitude>
            <heading>0</heading>
            <tilt>0</tilt>
            <gx:fovy>35</gx:fovy>
            <range>100</range>
            <altitudeMode>absolute</altitudeMode>
        </LookAt>
        <styleUrl>#__managed_style_a</styleUrl>
        <Polygon>
            <outerBoundaryIs>
                <LinearRing>
                    <coordinates>
                        
				-0.5272643767720258,53.26813630173803,0.0 -0.5272864814290432,53.26811031134362,0.0 -0.5272643767720258,53.26813630173803,0.0 
			
                    </coordinates>
                </LinearRing>
            </outerBoundaryIs>
        </Polygon>
    </Placemark>
    <Placemark id="WayPoint50_WayPoint51">
        <name>WayPoint50_WayPoint51</name>
        <description><![CDATA[<div>WayPoint50_WayPoint51</div>]]></description>
        <LookAt>
            <longitude>-0.527248888474932</longitude>
            <latitude>53.2681372909918</latitude>
            <altitude>0.0</altitude>
            <heading>0</heading>
            <tilt>0</tilt>
            <gx:fovy>35</gx:fovy>
            <range>100</range>
            <altitudeMode>absolute</altitudeMode>
        </LookAt>
        <styleUrl>#__managed_style_a</styleUrl>
        <Polygon>
            <outerBoundaryIs>
                <LinearRing>
                    <coordinates>
                        
				-0.5272643767720258,53.26813630173803,0.0 -0.5272334001778382,53.268138280245566,0.0 -0.5272643767720258,53.26813630173803,0.0 
			
                    </coordinates>
                </LinearRing>
            </outerBoundaryIs>
        </Polygon>
    </Placemark>
    <Placemark id="WayPoint51_WayPoint52">
        <name>WayPoint51_WayPoint52</name>
        <description><![CDATA[<div>WayPoint51_WayPoint52</div>]]></description>
        <LookAt>
            <longitude>-0.5270440820609338</longitude>
            <latitude>53.26815329891639</latitude>
            <altitude>0.0</altitude>
            <heading>0</heading>
            <tilt>0</tilt>
            <gx:fovy>35</gx:fovy>
            <range>100</range>
            <altitudeMode>absolute</altitudeMode>
        </LookAt>
        <styleUrl>#__managed_style_a</styleUrl>
        <Polygon>
            <outerBoundaryIs>
                <LinearRing>
                    <coordinates>
                        
				-0.5272334001778382,53.268138280245566,0.0 -0.5268547639440294,53.268168317587204,0.0 -0.5272334001778382,53.268138280245566,0.0 
			
                    </coordinates>
                </LinearRing>
            </outerBoundaryIs>
        </Polygon>
    </Placemark>
    <Placemark id="WayPoint51_WayPoint64">
        <name>WayPoint51_WayPoint64</name>
        <description><![CDATA[<div>WayPoint51_WayPoint64</div>]]></description>
        <LookAt>
            <longitude>-0.5272184381821018</longitude>
            <latitude>53.26807433847939</latitude>
            <altitude>0.0</altitude>
            <heading>0</heading>
            <tilt>0</tilt>
            <gx:fovy>35</gx:fovy>
            <range>100</range>
            <altitudeMode>absolute</altitudeMode>
        </LookAt>
        <styleUrl>#__managed_style_a</styleUrl>
        <Polygon>
            <outerBoundaryIs>
                <LinearRing>
                    <coordinates>
                        
				-0.5272334001778382,53.268138280245566,0.0 -0.5272034761863654,53.26801039671321,0.0 -0.5272334001778382,53.268138280245566,0.0 
			
                    </coordinates>
                </LinearRing>
            </outerBoundaryIs>
        </Polygon>
    </Placemark>
    <Placemark id="WayPoint50_WayPoint51">
        <name>WayPoint50_WayPoint51</name>
        <description><![CDATA[<div>WayPoint50_WayPoint51</div>]]></description>
        <LookAt>
            <longitude>-0.527248888474932</longitude>
            <latitude>53.2681372909918</latitude>
            <altitude>0.0</altitude>
            <heading>0</heading>
            <tilt>0</tilt>
            <gx:fovy>35</gx:fovy>
            <range>100</range>
            <altitudeMode>absolute</altitudeMode>
        </LookAt>
        <styleUrl>#__managed_style_a</styleUrl>
        <Polygon>
            <outerBoundaryIs>
                <LinearRing>
                    <coordinates>
                        
				-0.5272643767720258,53.26813630173803,0.0 -0.5272334001778382,53.268138280245566,0.0 -0.5272643767720258,53.26813630173803,0.0 
			
                    </coordinates>
                </LinearRing>
            </outerBoundaryIs>
        </Polygon>
    </Placemark>
    <Placemark id="WayPoint52_WayPoint55">
        <name>WayPoint52_WayPoint55</name>
        <description><![CDATA[<div>WayPoint52_WayPoint55</div>]]></description>
        <LookAt>
            <longitude>-0.5267798035935316</longitude>
            <latitude>53.268173803449</latitude>
            <altitude>0.0</altitude>
            <heading>0</heading>
            <tilt>0</tilt>
            <gx:fovy>35</gx:fovy>
            <range>100</range>
            <altitudeMode>absolute</altitudeMode>
        </LookAt>
        <styleUrl>#__managed_style_a</styleUrl>
        <Polygon>
            <outerBoundaryIs>
                <LinearRing>
                    <coordinates>
                        
				-0.5268547639440294,53.268168317587204,0.0 -0.5267048432430337,53.268179289310794,0.0 -0.5268547639440294,53.268168317587204,0.0 
			
                    </coordinates>
                </LinearRing>
            </outerBoundaryIs>
        </Polygon>
    </Placemark>
    <Placemark id="WayPoint52_WayPoint53">
        <name>WayPoint52_WayPoint53</name>
        <description><![CDATA[<div>WayPoint52_WayPoint53</div>]]></description>
        <LookAt>
            <longitude>-0.526864763669823</longitude>
            <latitude>53.268204785078325</latitude>
            <altitude>0.0</altitude>
            <heading>0</heading>
            <tilt>0</tilt>
            <gx:fovy>35</gx:fovy>
            <range>100</range>
            <altitudeMode>absolute</altitudeMode>
        </LookAt>
        <styleUrl>#__managed_style_a</styleUrl>
        <Polygon>
            <outerBoundaryIs>
                <LinearRing>
                    <coordinates>
                        
				-0.5268547639440294,53.268168317587204,0.0 -0.5268747633956167,53.26824125256944,0.0 -0.5268547639440294,53.268168317587204,0.0 
			
                    </coordinates>
                </LinearRing>
            </outerBoundaryIs>
        </Polygon>
    </Placemark>
    <Placemark id="WayPoint51_WayPoint52">
        <name>WayPoint51_WayPoint52</name>
        <description><![CDATA[<div>WayPoint51_WayPoint52</div>]]></description>
        <LookAt>
            <longitude>-0.5270440820609338</longitude>
            <latitude>53.26815329891639</latitude>
            <altitude>0.0</altitude>
            <heading>0</heading>
            <tilt>0</tilt>
            <gx:fovy>35</gx:fovy>
            <range>100</range>
            <altitudeMode>absolute</altitudeMode>
        </LookAt>
        <styleUrl>#__managed_style_a</styleUrl>
        <Polygon>
            <outerBoundaryIs>
                <LinearRing>
                    <coordinates>
                        
				-0.5272334001778382,53.268138280245566,0.0 -0.5268547639440294,53.268168317587204,0.0 -0.5272334001778382,53.268138280245566,0.0 
			
                    </coordinates>
                </LinearRing>
            </outerBoundaryIs>
        </Polygon>
    </Placemark>
    <Placemark id="WayPoint52_WayPoint53">
        <name>WayPoint52_WayPoint53</name>
        <description><![CDATA[<div>WayPoint52_WayPoint53</div>]]></description>
        <LookAt>
            <longitude>-0.526864763669823</longitude>
            <latitude>53.268204785078325</latitude>
            <altitude>0.0</altitude>
            <heading>0</heading>
            <tilt>0</tilt>
            <gx:fovy>35</gx:fovy>
            <range>100</range>
            <altitudeMode>absolute</altitudeMode>
        </LookAt>
        <styleUrl>#__managed_style_a</styleUrl>
        <Polygon>
            <outerBoundaryIs>
                <LinearRing>
                    <coordinates>
                        
				-0.5268547639440294,53.268168317587204,0.0 -0.5268747633956167,53.26824125256944,0.0 -0.5268547639440294,53.268168317587204,0.0 
			
                    </coordinates>
                </LinearRing>
            </outerBoundaryIs>
        </Polygon>
    </Placemark>
    <Placemark id="WayPoint53_WayPoint54">
        <name>WayPoint53_WayPoint54</name>
        <description><![CDATA[<div>WayPoint53_WayPoint54</div>]]></description>
        <LookAt>
            <longitude>-0.5268013067632833</longitude>
            <latitude>53.26824772768501</latitude>
            <altitude>0.0</altitude>
            <heading>0</heading>
            <tilt>0</tilt>
            <gx:fovy>35</gx:fovy>
            <range>100</range>
            <altitudeMode>absolute</altitudeMode>
        </LookAt>
        <styleUrl>#__managed_style_a</styleUrl>
        <Polygon>
            <outerBoundaryIs>
                <LinearRing>
                    <coordinates>
                        
				-0.5268747633956167,53.26824125256944,0.0 -0.5267278501309498,53.26825420280057,0.0 -0.5268747633956167,53.26824125256944,0.0 
			
                    </coordinates>
                </LinearRing>
            </outerBoundaryIs>
        </Polygon>
    </Placemark>
    <Placemark id="WayPoint54_WayPoint55">
        <name>WayPoint54_WayPoint55</name>
        <description><![CDATA[<div>WayPoint54_WayPoint55</div>]]></description>
        <LookAt>
            <longitude>-0.5267163466869917</longitude>
            <latitude>53.268216746055685</latitude>
            <altitude>0.0</altitude>
            <heading>0</heading>
            <tilt>0</tilt>
            <gx:fovy>35</gx:fovy>
            <range>100</range>
            <altitudeMode>absolute</altitudeMode>
        </LookAt>
        <styleUrl>#__managed_style_a</styleUrl>
        <Polygon>
            <outerBoundaryIs>
                <LinearRing>
                    <coordinates>
                        
				-0.5267278501309498,53.26825420280057,0.0 -0.5267048432430337,53.268179289310794,0.0 -0.5267278501309498,53.26825420280057,0.0 
			
                    </coordinates>
                </LinearRing>
            </outerBoundaryIs>
        </Polygon>
    </Placemark>
    <Placemark id="WayPoint53_WayPoint54">
        <name>WayPoint53_WayPoint54</name>
        <description><![CDATA[<div>WayPoint53_WayPoint54</div>]]></description>
        <LookAt>
            <longitude>-0.5268013067632833</longitude>
            <latitude>53.26824772768501</latitude>
            <altitude>0.0</altitude>
            <heading>0</heading>
            <tilt>0</tilt>
            <gx:fovy>35</gx:fovy>
            <range>100</range>
            <altitudeMode>absolute</altitudeMode>
        </LookAt>
        <styleUrl>#__managed_style_a</styleUrl>
        <Polygon>
            <outerBoundaryIs>
                <LinearRing>
                    <coordinates>
                        
				-0.5268747633956167,53.26824125256944,0.0 -0.5267278501309498,53.26825420280057,0.0 -0.5268747633956167,53.26824125256944,0.0 
			
                    </coordinates>
                </LinearRing>
            </outerBoundaryIs>
        </Polygon>
    </Placemark>
    <Placemark id="WayPoint52_WayPoint55">
        <name>WayPoint52_WayPoint55</name>
        <description><![CDATA[<div>WayPoint52_WayPoint55</div>]]></description>
        <LookAt>
            <longitude>-0.5267798035935316</longitude>
            <latitude>53.268173803449</latitude>
            <altitude>0.0</altitude>
            <heading>0</heading>
            <tilt>0</tilt>
            <gx:fovy>35</gx:fovy>
            <range>100</range>
            <altitudeMode>absolute</altitudeMode>
        </LookAt>
        <styleUrl>#__managed_style_a</styleUrl>
        <Polygon>
            <outerBoundaryIs>
                <LinearRing>
                    <coordinates>
                        
				-0.5268547639440294,53.268168317587204,0.0 -0.5267048432430337,53.268179289310794,0.0 -0.5268547639440294,53.268168317587204,0.0 
			
                    </coordinates>
                </LinearRing>
            </outerBoundaryIs>
        </Polygon>
    </Placemark>
    <Placemark id="WayPoint54_WayPoint55">
        <name>WayPoint54_WayPoint55</name>
        <description><![CDATA[<div>WayPoint54_WayPoint55</div>]]></description>
        <LookAt>
            <longitude>-0.5267163466869917</longitude>
            <latitude>53.268216746055685</latitude>
            <altitude>0.0</altitude>
            <heading>0</heading>
            <tilt>0</tilt>
            <gx:fovy>35</gx:fovy>
            <range>100</range>
            <altitudeMode>absolute</altitudeMode>
        </LookAt>
        <styleUrl>#__managed_style_a</styleUrl>
        <Polygon>
            <outerBoundaryIs>
                <LinearRing>
                    <coordinates>
                        
				-0.5267278501309498,53.26825420280057,0.0 -0.5267048432430337,53.268179289310794,0.0 -0.5267278501309498,53.26825420280057,0.0 
			
                    </coordinates>
                </LinearRing>
            </outerBoundaryIs>
        </Polygon>
    </Placemark>
    <Placemark id="WayPoint55_WayPoint56">
        <name>WayPoint55_WayPoint56</name>
        <description><![CDATA[<div>WayPoint55_WayPoint56</div>]]></description>
        <LookAt>
            <longitude>-0.5266978509535689</longitude>
            <latitude>53.268155277423915</latitude>
            <altitude>0.0</altitude>
            <heading>0</heading>
            <tilt>0</tilt>
            <gx:fovy>35</gx:fovy>
            <range>100</range>
            <altitudeMode>absolute</altitudeMode>
        </LookAt>
        <styleUrl>#__managed_style_a</styleUrl>
        <Polygon>
            <outerBoundaryIs>
                <LinearRing>
                    <coordinates>
                        
				-0.5267048432430337,53.268179289310794,0.0 -0.5266908586641043,53.268131265537036,0.0 -0.5267048432430337,53.268179289310794,0.0 
			
                    </coordinates>
                </LinearRing>
            </outerBoundaryIs>
        </Polygon>
    </Placemark>
    <Placemark id="WayPoint56_WayPoint57">
        <name>WayPoint56_WayPoint57</name>
        <description><![CDATA[<div>WayPoint56_WayPoint57</div>]]></description>
        <LookAt>
            <longitude>-0.5266873249264178</longitude>
            <latitude>53.2681162918323</latitude>
            <altitude>0.0</altitude>
            <heading>0</heading>
            <tilt>0</tilt>
            <gx:fovy>35</gx:fovy>
            <range>100</range>
            <altitudeMode>absolute</altitudeMode>
        </LookAt>
        <styleUrl>#__managed_style_a</styleUrl>
        <Polygon>
            <outerBoundaryIs>
                <LinearRing>
                    <coordinates>
                        
				-0.5266908586641043,53.268131265537036,0.0 -0.5266837911887313,53.26810131812756,0.0 -0.5266908586641043,53.268131265537036,0.0 
			
                    </coordinates>
                </LinearRing>
            </outerBoundaryIs>
        </Polygon>
    </Placemark>
    <Placemark id="WayPoint55_WayPoint56">
        <name>WayPoint55_WayPoint56</name>
        <description><![CDATA[<div>WayPoint55_WayPoint56</div>]]></description>
        <LookAt>
            <longitude>-0.5266978509535689</longitude>
            <latitude>53.268155277423915</latitude>
            <altitude>0.0</altitude>
            <heading>0</heading>
            <tilt>0</tilt>
            <gx:fovy>35</gx:fovy>
            <range>100</range>
            <altitudeMode>absolute</altitudeMode>
        </LookAt>
        <styleUrl>#__managed_style_a</styleUrl>
        <Polygon>
            <outerBoundaryIs>
                <LinearRing>
                    <coordinates>
                        
				-0.5267048432430337,53.268179289310794,0.0 -0.5266908586641043,53.268131265537036,0.0 -0.5267048432430337,53.268179289310794,0.0 
			
                    </coordinates>
                </LinearRing>
            </outerBoundaryIs>
        </Polygon>
    </Placemark>
    <Placemark id="WayPoint56_WayPoint58">
        <name>WayPoint56_WayPoint58</name>
        <description><![CDATA[<div>WayPoint56_WayPoint58</div>]]></description>
        <LookAt>
            <longitude>-0.5266823626564752</longitude>
            <latitude>53.268131805130004</latitude>
            <altitude>0.0</altitude>
            <heading>0</heading>
            <tilt>0</tilt>
            <gx:fovy>35</gx:fovy>
            <range>100</range>
            <altitudeMode>absolute</altitudeMode>
        </LookAt>
        <styleUrl>#__managed_style_a</styleUrl>
        <Polygon>
            <outerBoundaryIs>
                <LinearRing>
                    <coordinates>
                        
				-0.5266908586641043,53.268131265537036,0.0 -0.526673866648846,53.26813234472297,0.0 -0.5266908586641043,53.268131265537036,0.0 
			
                    </coordinates>
                </LinearRing>
            </outerBoundaryIs>
        </Polygon>
    </Placemark>
    <Placemark id="WayPoint56_WayPoint57">
        <name>WayPoint56_WayPoint57</name>
        <description><![CDATA[<div>WayPoint56_WayPoint57</div>]]></description>
        <LookAt>
            <longitude>-0.5266873249264178</longitude>
            <latitude>53.2681162918323</latitude>
            <altitude>0.0</altitude>
            <heading>0</heading>
            <tilt>0</tilt>
            <gx:fovy>35</gx:fovy>
            <range>100</range>
            <altitudeMode>absolute</altitudeMode>
        </LookAt>
        <styleUrl>#__managed_style_a</styleUrl>
        <Polygon>
            <outerBoundaryIs>
                <LinearRing>
                    <coordinates>
                        
				-0.5266908586641043,53.268131265537036,0.0 -0.5266837911887313,53.26810131812756,0.0 -0.5266908586641043,53.268131265537036,0.0 
			
                    </coordinates>
                </LinearRing>
            </outerBoundaryIs>
        </Polygon>
    </Placemark>
    <Placemark id="WayPoint56_WayPoint58">
        <name>WayPoint56_WayPoint58</name>
        <description><![CDATA[<div>WayPoint56_WayPoint58</div>]]></description>
        <LookAt>
            <longitude>-0.5266823626564752</longitude>
            <latitude>53.268131805130004</latitude>
            <altitude>0.0</altitude>
            <heading>0</heading>
            <tilt>0</tilt>
            <gx:fovy>35</gx:fovy>
            <range>100</range>
            <altitudeMode>absolute</altitudeMode>
        </LookAt>
        <styleUrl>#__managed_style_a</styleUrl>
        <Polygon>
            <outerBoundaryIs>
                <LinearRing>
                    <coordinates>
                        
				-0.5266908586641043,53.268131265537036,0.0 -0.526673866648846,53.26813234472297,0.0 -0.5266908586641043,53.268131265537036,0.0 
			
                    </coordinates>
                </LinearRing>
            </outerBoundaryIs>
        </Polygon>
    </Placemark>
    <Placemark id="WayPoint59_WayPoint60">
        <name>WayPoint59_WayPoint60</name>
        <description><![CDATA[<div>WayPoint59_WayPoint60</div>]]></description>
        <LookAt>
            <longitude>-0.5272714442473987</longitude>
            <latitude>53.268015882575</latitude>
            <altitude>0.0</altitude>
            <heading>0</heading>
            <tilt>0</tilt>
            <gx:fovy>35</gx:fovy>
            <range>100</range>
            <altitudeMode>absolute</altitudeMode>
        </LookAt>
        <styleUrl>#__managed_style_a</styleUrl>
        <Polygon>
            <outerBoundaryIs>
                <LinearRing>
                    <coordinates>
                        
				-0.5272864814290432,53.26811031134362,0.0 -0.5272564070657542,53.26792145380638,0.0 -0.5272864814290432,53.26811031134362,0.0 
			
                    </coordinates>
                </LinearRing>
            </outerBoundaryIs>
        </Polygon>
    </Placemark>
    <Placemark id="WayPoint50_WayPoint59">
        <name>WayPoint50_WayPoint59</name>
        <description><![CDATA[<div>WayPoint50_WayPoint59</div>]]></description>
        <LookAt>
            <longitude>-0.5272754291005345</longitude>
            <latitude>53.26812330654083</latitude>
            <altitude>0.0</altitude>
            <heading>0</heading>
            <tilt>0</tilt>
            <gx:fovy>35</gx:fovy>
            <range>100</range>
            <altitudeMode>absolute</altitudeMode>
        </LookAt>
        <styleUrl>#__managed_style_a</styleUrl>
        <Polygon>
            <outerBoundaryIs>
                <LinearRing>
                    <coordinates>
                        
				-0.5272643767720258,53.26813630173803,0.0 -0.5272864814290432,53.26811031134362,0.0 -0.5272643767720258,53.26813630173803,0.0 
			
                    </coordinates>
                </LinearRing>
            </outerBoundaryIs>
        </Polygon>
    </Placemark>
    <Placemark id="WayPoint60_WayPoint62">
        <name>WayPoint60_WayPoint62</name>
        <description><![CDATA[<div>WayPoint60_WayPoint62</div>]]></description>
        <LookAt>
            <longitude>-0.5272189644834593</longitude>
            <latitude>53.267924961160645</latitude>
            <altitude>0.0</altitude>
            <heading>0</heading>
            <tilt>0</tilt>
            <gx:fovy>35</gx:fovy>
            <range>100</range>
            <altitudeMode>absolute</altitudeMode>
        </LookAt>
        <styleUrl>#__managed_style_a</styleUrl>
        <Polygon>
            <outerBoundaryIs>
                <LinearRing>
                    <coordinates>
                        
				-0.5272564070657542,53.26792145380638,0.0 -0.5271815219011645,53.2679284685149,0.0 -0.5272564070657542,53.26792145380638,0.0 
			
                    </coordinates>
                </LinearRing>
            </outerBoundaryIs>
        </Polygon>
    </Placemark>
    <Placemark id="WayPoint59_WayPoint60">
        <name>WayPoint59_WayPoint60</name>
        <description><![CDATA[<div>WayPoint59_WayPoint60</div>]]></description>
        <LookAt>
            <longitude>-0.5272714442473987</longitude>
            <latitude>53.268015882575</latitude>
            <altitude>0.0</altitude>
            <heading>0</heading>
            <tilt>0</tilt>
            <gx:fovy>35</gx:fovy>
            <range>100</range>
            <altitudeMode>absolute</altitudeMode>
        </LookAt>
        <styleUrl>#__managed_style_a</styleUrl>
        <Polygon>
            <outerBoundaryIs>
                <LinearRing>
                    <coordinates>
                        
				-0.5272864814290432,53.26811031134362,0.0 -0.5272564070657542,53.26792145380638,0.0 -0.5272864814290432,53.26811031134362,0.0 
			
                    </coordinates>
                </LinearRing>
            </outerBoundaryIs>
        </Polygon>
    </Placemark>
    <Placemark id="WayPoint60_WayPoint61">
        <name>WayPoint60_WayPoint61</name>
        <description><![CDATA[<div>WayPoint60_WayPoint61</div>]]></description>
        <LookAt>
            <longitude>-0.5272549033475897</longitude>
            <latitude>53.26791497869082</latitude>
            <altitude>0.0</altitude>
            <heading>0</heading>
            <tilt>0</tilt>
            <gx:fovy>35</gx:fovy>
            <range>100</range>
            <altitudeMode>absolute</altitudeMode>
        </LookAt>
        <styleUrl>#__managed_style_a</styleUrl>
        <Polygon>
            <outerBoundaryIs>
                <LinearRing>
                    <coordinates>
                        
				-0.5272564070657542,53.26792145380638,0.0 -0.5272533996294253,53.267908503575256,0.0 -0.5272564070657542,53.26792145380638,0.0 
			
                    </coordinates>
                </LinearRing>
            </outerBoundaryIs>
        </Polygon>
    </Placemark>
    <Placemark id="WayPoint60_WayPoint61">
        <name>WayPoint60_WayPoint61</name>
        <description><![CDATA[<div>WayPoint60_WayPoint61</div>]]></description>
        <LookAt>
            <longitude>-0.5272549033475897</longitude>
            <latitude>53.26791497869082</latitude>
            <altitude>0.0</altitude>
            <heading>0</heading>
            <tilt>0</tilt>
            <gx:fovy>35</gx:fovy>
            <range>100</range>
            <altitudeMode>absolute</altitudeMode>
        </LookAt>
        <styleUrl>#__managed_style_a</styleUrl>
        <Polygon>
            <outerBoundaryIs>
                <LinearRing>
                    <coordinates>
                        
				-0.5272564070657542,53.26792145380638,0.0 -0.5272533996294253,53.267908503575256,0.0 -0.5272564070657542,53.26792145380638,0.0 
			
                    </coordinates>
                </LinearRing>
            </outerBoundaryIs>
        </Polygon>
    </Placemark>
    <Placemark id="WayPoint60_WayPoint62">
        <name>WayPoint60_WayPoint62</name>
        <description><![CDATA[<div>WayPoint60_WayPoint62</div>]]></description>
        <LookAt>
            <longitude>-0.5272189644834593</longitude>
            <latitude>53.267924961160645</latitude>
            <altitude>0.0</altitude>
            <heading>0</heading>
            <tilt>0</tilt>
            <gx:fovy>35</gx:fovy>
            <range>100</range>
            <altitudeMode>absolute</altitudeMode>
        </LookAt>
        <styleUrl>#__managed_style_a</styleUrl>
        <Polygon>
            <outerBoundaryIs>
                <LinearRing>
                    <coordinates>
                        
				-0.5272564070657542,53.26792145380638,0.0 -0.5271815219011645,53.2679284685149,0.0 -0.5272564070657542,53.26792145380638,0.0 
			
                    </coordinates>
                </LinearRing>
            </outerBoundaryIs>
        </Polygon>
    </Placemark>
    <Placemark id="WayPoint62_WayPoint64">
        <name>WayPoint62_WayPoint64</name>
        <description><![CDATA[<div>WayPoint62_WayPoint64</div>]]></description>
        <LookAt>
            <longitude>-0.527192499043765</longitude>
            <latitude>53.26796943261405</latitude>
            <altitude>0.0</altitude>
            <heading>0</heading>
            <tilt>0</tilt>
            <gx:fovy>35</gx:fovy>
            <range>100</range>
            <altitudeMode>absolute</altitudeMode>
        </LookAt>
        <styleUrl>#__managed_style_a</styleUrl>
        <Polygon>
            <outerBoundaryIs>
                <LinearRing>
                    <coordinates>
                        
				-0.5271815219011645,53.2679284685149,0.0 -0.5272034761863654,53.26801039671321,0.0 -0.5271815219011645,53.2679284685149,0.0 
			
                    </coordinates>
                </LinearRing>
            </outerBoundaryIs>
        </Polygon>
    </Placemark>
    <Placemark id="WayPoint62_WayPoint63">
        <name>WayPoint62_WayPoint63</name>
        <description><![CDATA[<div>WayPoint62_WayPoint63</div>]]></description>
        <LookAt>
            <longitude>-0.527168514739042</longitude>
            <latitude>53.26792945776867</latitude>
            <altitude>0.0</altitude>
            <heading>0</heading>
            <tilt>0</tilt>
            <gx:fovy>35</gx:fovy>
            <range>100</range>
            <altitudeMode>absolute</altitudeMode>
        </LookAt>
        <styleUrl>#__managed_style_a</styleUrl>
        <Polygon>
            <outerBoundaryIs>
                <LinearRing>
                    <coordinates>
                        
				-0.5271815219011645,53.2679284685149,0.0 -0.5271555075769195,53.267930447022444,0.0 -0.5271815219011645,53.2679284685149,0.0 
			
                    </coordinates>
                </LinearRing>
            </outerBoundaryIs>
        </Polygon>
    </Placemark>
    <Placemark id="WayPoint62_WayPoint63">
        <name>WayPoint62_WayPoint63</name>
        <description><![CDATA[<div>WayPoint62_WayPoint63</div>]]></description>
        <LookAt>
            <longitude>-0.527168514739042</longitude>
            <latitude>53.26792945776867</latitude>
            <altitude>0.0</altitude>
            <heading>0</heading>
            <tilt>0</tilt>
            <gx:fovy>35</gx:fovy>
            <range>100</range>
            <altitudeMode>absolute</altitudeMode>
        </LookAt>
        <styleUrl>#__managed_style_a</styleUrl>
        <Polygon>
            <outerBoundaryIs>
                <LinearRing>
                    <coordinates>
                        
				-0.5271815219011645,53.2679284685149,0.0 -0.5271555075769195,53.267930447022444,0.0 -0.5271815219011645,53.2679284685149,0.0 
			
                    </coordinates>
                </LinearRing>
            </outerBoundaryIs>
        </Polygon>
    </Placemark>
    <Placemark id="WayPoint62_WayPoint64">
        <name>WayPoint62_WayPoint64</name>
        <description><![CDATA[<div>WayPoint62_WayPoint64</div>]]></description>
        <LookAt>
            <longitude>-0.527192499043765</longitude>
            <latitude>53.26796943261405</latitude>
            <altitude>0.0</altitude>
            <heading>0</heading>
            <tilt>0</tilt>
            <gx:fovy>35</gx:fovy>
            <range>100</range>
            <altitudeMode>absolute</altitudeMode>
        </LookAt>
        <styleUrl>#__managed_style_a</styleUrl>
        <Polygon>
            <outerBoundaryIs>
                <LinearRing>
                    <coordinates>
                        
				-0.5271815219011645,53.2679284685149,0.0 -0.5272034761863654,53.26801039671321,0.0 -0.5271815219011645,53.2679284685149,0.0 
			
                    </coordinates>
                </LinearRing>
            </outerBoundaryIs>
        </Polygon>
    </Placemark>
    <Placemark id="WayPoint51_WayPoint64">
        <name>WayPoint51_WayPoint64</name>
        <description><![CDATA[<div>WayPoint51_WayPoint64</div>]]></description>
        <LookAt>
            <longitude>-0.5272184381821018</longitude>
            <latitude>53.26807433847939</latitude>
            <altitude>0.0</altitude>
            <heading>0</heading>
            <tilt>0</tilt>
            <gx:fovy>35</gx:fovy>
            <range>100</range>
            <altitudeMode>absolute</altitudeMode>
        </LookAt>
        <styleUrl>#__managed_style_a</styleUrl>
        <Polygon>
            <outerBoundaryIs>
                <LinearRing>
                    <coordinates>
                        
				-0.5272334001778382,53.268138280245566,0.0 -0.5272034761863654,53.26801039671321,0.0 -0.5272334001778382,53.268138280245566,0.0 
			
                    </coordinates>
                </LinearRing>
            </outerBoundaryIs>
        </Polygon>
    </Placemark>
    <Placemark id="WayPoint64_WayPoint65">
        <name>WayPoint64_WayPoint65</name>
        <description><![CDATA[<div>WayPoint64_WayPoint65</div>]]></description>
        <LookAt>
            <longitude>-0.5271900179087936</longitude>
            <latitude>53.26801188059386</latitude>
            <altitude>0.0</altitude>
            <heading>0</heading>
            <tilt>0</tilt>
            <gx:fovy>35</gx:fovy>
            <range>100</range>
            <altitudeMode>absolute</altitudeMode>
        </LookAt>
        <styleUrl>#__managed_style_a</styleUrl>
        <Polygon>
            <outerBoundaryIs>
                <LinearRing>
                    <coordinates>
                        
				-0.5272034761863654,53.26801039671321,0.0 -0.5271765596312219,53.268013364474506,0.0 -0.5272034761863654,53.26801039671321,0.0 
			
                    </coordinates>
                </LinearRing>
            </outerBoundaryIs>
        </Polygon>
    </Placemark>
    <Placemark id="WayPoint64_WayPoint65">
        <name>WayPoint64_WayPoint65</name>
        <description><![CDATA[<div>WayPoint64_WayPoint65</div>]]></description>
        <LookAt>
            <longitude>-0.5271900179087936</longitude>
            <latitude>53.26801188059386</latitude>
            <altitude>0.0</altitude>
            <heading>0</heading>
            <tilt>0</tilt>
            <gx:fovy>35</gx:fovy>
            <range>100</range>
            <altitudeMode>absolute</altitudeMode>
        </LookAt>
        <styleUrl>#__managed_style_a</styleUrl>
        <Polygon>
            <outerBoundaryIs>
                <LinearRing>
                    <coordinates>
                        
				-0.5272034761863654,53.26801039671321,0.0 -0.5271765596312219,53.268013364474506,0.0 -0.5272034761863654,53.26801039671321,0.0 
			
                    </coordinates>
                </LinearRing>
            </outerBoundaryIs>
        </Polygon>
    </Placemark>
    <Placemark id="WayPoint48_WayPoint66">
        <name>WayPoint48_WayPoint66</name>
        <description><![CDATA[<div>WayPoint48_WayPoint66</div>]]></description>
        <LookAt>
            <longitude>-0.527284376223613</longitude>
            <latitude>53.26827569658695</latitude>
            <altitude>0.0</altitude>
            <heading>0</heading>
            <tilt>0</tilt>
            <gx:fovy>35</gx:fovy>
            <range>100</range>
            <altitudeMode>absolute</altitudeMode>
        </LookAt>
        <styleUrl>#__managed_style_a</styleUrl>
        <Polygon>
            <outerBoundaryIs>
                <LinearRing>
                    <coordinates>
                        
				-0.5272923459298846,53.26825519205433,0.0 -0.5272764065173413,53.26829620111956,0.0 -0.5272923459298846,53.26825519205433,0.0 
			
                    </coordinates>
                </LinearRing>
            </outerBoundaryIs>
        </Polygon>
    </Placemark>
    <Placemark id="WayPoint66_WayPoint67">
        <name>WayPoint66_WayPoint67</name>
        <description><![CDATA[<div>WayPoint66_WayPoint67</div>]]></description>
        <LookAt>
            <longitude>-0.5272309190428668</longitude>
            <latitude>53.26830870168989</latitude>
            <altitude>0.0</altitude>
            <heading>0</heading>
            <tilt>0</tilt>
            <gx:fovy>35</gx:fovy>
            <range>100</range>
            <altitudeMode>absolute</altitudeMode>
        </LookAt>
        <styleUrl>#__managed_style_a</styleUrl>
        <Polygon>
            <outerBoundaryIs>
                <LinearRing>
                    <coordinates>
                        
				-0.5272764065173413,53.26829620111956,0.0 -0.5271854315683921,53.26832120226021,0.0 -0.5272764065173413,53.26829620111956,0.0 
			
                    </coordinates>
                </LinearRing>
            </outerBoundaryIs>
        </Polygon>
    </Placemark>
    <Placemark id="WayPoint67_WayPoint68">
        <name>WayPoint67_WayPoint68</name>
        <description><![CDATA[<div>WayPoint67_WayPoint68</div>]]></description>
        <LookAt>
            <longitude>-0.5271385155616612</longitude>
            <latitude>53.268328172002654</latitude>
            <altitude>0.0</altitude>
            <heading>0</heading>
            <tilt>0</tilt>
            <gx:fovy>35</gx:fovy>
            <range>100</range>
            <altitudeMode>absolute</altitudeMode>
        </LookAt>
        <styleUrl>#__managed_style_a</styleUrl>
        <Polygon>
            <outerBoundaryIs>
                <LinearRing>
                    <coordinates>
                        
				-0.5271854315683921,53.26832120226021,0.0 -0.5270915995549305,53.268335141745105,0.0 -0.5271854315683921,53.26832120226021,0.0 
			
                    </coordinates>
                </LinearRing>
            </outerBoundaryIs>
        </Polygon>
    </Placemark>
    <Placemark id="WayPoint66_WayPoint67">
        <name>WayPoint66_WayPoint67</name>
        <description><![CDATA[<div>WayPoint66_WayPoint67</div>]]></description>
        <LookAt>
            <longitude>-0.5272309190428668</longitude>
            <latitude>53.26830870168989</latitude>
            <altitude>0.0</altitude>
            <heading>0</heading>
            <tilt>0</tilt>
            <gx:fovy>35</gx:fovy>
            <range>100</range>
            <altitudeMode>absolute</altitudeMode>
        </LookAt>
        <styleUrl>#__managed_style_a</styleUrl>
        <Polygon>
            <outerBoundaryIs>
                <LinearRing>
                    <coordinates>
                        
				-0.5272764065173413,53.26829620111956,0.0 -0.5271854315683921,53.26832120226021,0.0 -0.5272764065173413,53.26829620111956,0.0 
			
                    </coordinates>
                </LinearRing>
            </outerBoundaryIs>
        </Polygon>
    </Placemark>
    <Placemark id="WayPoint67_WayPoint68">
        <name>WayPoint67_WayPoint68</name>
        <description><![CDATA[<div>WayPoint67_WayPoint68</div>]]></description>
        <LookAt>
            <longitude>-0.5271385155616612</longitude>
            <latitude>53.268328172002654</latitude>
            <altitude>0.0</altitude>
            <heading>0</heading>
            <tilt>0</tilt>
            <gx:fovy>35</gx:fovy>
            <range>100</range>
            <altitudeMode>absolute</altitudeMode>
        </LookAt>
        <styleUrl>#__managed_style_a</styleUrl>
        <Polygon>
            <outerBoundaryIs>
                <LinearRing>
                    <coordinates>
                        
				-0.5271854315683921,53.26832120226021,0.0 -0.5270915995549305,53.268335141745105,0.0 -0.5271854315683921,53.26832120226021,0.0 
			
                    </coordinates>
                </LinearRing>
            </outerBoundaryIs>
        </Polygon>
    </Placemark>
    <Placemark id="WayPoint68_WayPoint69">
        <name>WayPoint68_WayPoint69</name>
        <description><![CDATA[<div>WayPoint68_WayPoint69</div>]]></description>
        <LookAt>
            <longitude>-0.5270451346636489</longitude>
            <latitude>53.26833963835313</latitude>
            <altitude>0.0</altitude>
            <heading>0</heading>
            <tilt>0</tilt>
            <gx:fovy>35</gx:fovy>
            <range>100</range>
            <altitudeMode>absolute</altitudeMode>
        </LookAt>
        <styleUrl>#__managed_style_a</styleUrl>
        <Polygon>
            <outerBoundaryIs>
                <LinearRing>
                    <coordinates>
                        
				-0.5270915995549305,53.268335141745105,0.0 -0.5269986697723673,53.26834413496116,0.0 -0.5270915995549305,53.268335141745105,0.0 
			
                    </coordinates>
                </LinearRing>
            </outerBoundaryIs>
        </Polygon>
    </Placemark>
    <Placemark id="WayPoint69_WayPoint70">
        <name>WayPoint69_WayPoint70</name>
        <description><![CDATA[<div>WayPoint69_WayPoint70</div>]]></description>
        <LookAt>
            <longitude>-0.5269726554481223</longitude>
            <latitude>53.268347147688544</latitude>
            <altitude>0.0</altitude>
            <heading>0</heading>
            <tilt>0</tilt>
            <gx:fovy>35</gx:fovy>
            <range>100</range>
            <altitudeMode>absolute</altitudeMode>
        </LookAt>
        <styleUrl>#__managed_style_a</styleUrl>
        <Polygon>
            <outerBoundaryIs>
                <LinearRing>
                    <coordinates>
                        
				-0.5269986697723673,53.26834413496116,0.0 -0.5269466411238773,53.26835016041592,0.0 -0.5269986697723673,53.26834413496116,0.0 
			
                    </coordinates>
                </LinearRing>
            </outerBoundaryIs>
        </Polygon>
    </Placemark>
    <Placemark id="WayPoint68_WayPoint69">
        <name>WayPoint68_WayPoint69</name>
        <description><![CDATA[<div>WayPoint68_WayPoint69</div>]]></description>
        <LookAt>
            <longitude>-0.5270451346636489</longitude>
            <latitude>53.26833963835313</latitude>
            <altitude>0.0</altitude>
            <heading>0</heading>
            <tilt>0</tilt>
            <gx:fovy>35</gx:fovy>
            <range>100</range>
            <altitudeMode>absolute</altitudeMode>
        </LookAt>
        <styleUrl>#__managed_style_a</styleUrl>
        <Polygon>
            <outerBoundaryIs>
                <LinearRing>
                    <coordinates>
                        
				-0.5270915995549305,53.268335141745105,0.0 -0.5269986697723673,53.26834413496116,0.0 -0.5270915995549305,53.268335141745105,0.0 
			
                    </coordinates>
                </LinearRing>
            </outerBoundaryIs>
        </Polygon>
    </Placemark>
    <Placemark id="WayPoint70_WayPoint71">
        <name>WayPoint70_WayPoint71</name>
        <description><![CDATA[<div>WayPoint70_WayPoint71</div>]]></description>
        <LookAt>
            <longitude>-0.5269771666026157</longitude>
            <latitude>53.26838410980655</latitude>
            <altitude>0.0</altitude>
            <heading>0</heading>
            <tilt>0</tilt>
            <gx:fovy>35</gx:fovy>
            <range>100</range>
            <altitudeMode>absolute</altitudeMode>
        </LookAt>
        <styleUrl>#__managed_style_a</styleUrl>
        <Polygon>
            <outerBoundaryIs>
                <LinearRing>
                    <coordinates>
                        
				-0.5269466411238773,53.26835016041592,0.0 -0.527007692081354,53.26841805919717,0.0 -0.5269466411238773,53.26835016041592,0.0 
			
                    </coordinates>
                </LinearRing>
            </outerBoundaryIs>
        </Polygon>
    </Placemark>
    <Placemark id="WayPoint70_WayPoint74">
        <name>WayPoint70_WayPoint74</name>
        <description><![CDATA[<div>WayPoint70_WayPoint74</div>]]></description>
        <LookAt>
            <longitude>-0.5267352935358638</longitude>
            <latitude>53.26836814684804</latitude>
            <altitude>0.0</altitude>
            <heading>0</heading>
            <tilt>0</tilt>
            <gx:fovy>35</gx:fovy>
            <range>100</range>
            <altitudeMode>absolute</altitudeMode>
        </LookAt>
        <styleUrl>#__managed_style_a</styleUrl>
        <Polygon>
            <outerBoundaryIs>
                <LinearRing>
                    <coordinates>
                        
				-0.5269466411238773,53.26835016041592,0.0 -0.5265239459478502,53.26838613328016,0.0 -0.5269466411238773,53.26835016041592,0.0 
			
                    </coordinates>
                </LinearRing>
            </outerBoundaryIs>
        </Polygon>
    </Placemark>
    <Placemark id="WayPoint69_WayPoint70">
        <name>WayPoint69_WayPoint70</name>
        <description><![CDATA[<div>WayPoint69_WayPoint70</div>]]></description>
        <LookAt>
            <longitude>-0.5269726554481223</longitude>
            <latitude>53.268347147688544</latitude>
            <altitude>0.0</altitude>
            <heading>0</heading>
            <tilt>0</tilt>
            <gx:fovy>35</gx:fovy>
            <range>100</range>
            <altitudeMode>absolute</altitudeMode>
        </LookAt>
        <styleUrl>#__managed_style_a</styleUrl>
        <Polygon>
            <outerBoundaryIs>
                <LinearRing>
                    <coordinates>
                        
				-0.5269986697723673,53.26834413496116,0.0 -0.5269466411238773,53.26835016041592,0.0 -0.5269986697723673,53.26834413496116,0.0 
			
                    </coordinates>
                </LinearRing>
            </outerBoundaryIs>
        </Polygon>
    </Placemark>
    <Placemark id="WayPoint71_WayPoint72">
        <name>WayPoint71_WayPoint72</name>
        <description><![CDATA[<div>WayPoint71_WayPoint72</div>]]></description>
        <LookAt>
            <longitude>-0.5270366386560197</longitude>
            <latitude>53.2684380691029</latitude>
            <altitude>0.0</altitude>
            <heading>0</heading>
            <tilt>0</tilt>
            <gx:fovy>35</gx:fovy>
            <range>100</range>
            <altitudeMode>absolute</altitudeMode>
        </LookAt>
        <styleUrl>#__managed_style_a</styleUrl>
        <Polygon>
            <outerBoundaryIs>
                <LinearRing>
                    <coordinates>
                        
				-0.527007692081354,53.26841805919717,0.0 -0.5270655852306854,53.26845807900863,0.0 -0.527007692081354,53.26841805919717,0.0 
			
                    </coordinates>
                </LinearRing>
            </outerBoundaryIs>
        </Polygon>
    </Placemark>
    <Placemark id="WayPoint70_WayPoint71">
        <name>WayPoint70_WayPoint71</name>
        <description><![CDATA[<div>WayPoint70_WayPoint71</div>]]></description>
        <LookAt>
            <longitude>-0.5269771666026157</longitude>
            <latitude>53.26838410980655</latitude>
            <altitude>0.0</altitude>
            <heading>0</heading>
            <tilt>0</tilt>
            <gx:fovy>35</gx:fovy>
            <range>100</range>
            <altitudeMode>absolute</altitudeMode>
        </LookAt>
        <styleUrl>#__managed_style_a</styleUrl>
        <Polygon>
            <outerBoundaryIs>
                <LinearRing>
                    <coordinates>
                        
				-0.5269466411238773,53.26835016041592,0.0 -0.527007692081354,53.26841805919717,0.0 -0.5269466411238773,53.26835016041592,0.0 
			
                    </coordinates>
                </LinearRing>
            </outerBoundaryIs>
        </Polygon>
    </Placemark>
    <Placemark id="WayPoint71_WayPoint72">
        <name>WayPoint71_WayPoint72</name>
        <description><![CDATA[<div>WayPoint71_WayPoint72</div>]]></description>
        <LookAt>
            <longitude>-0.5270366386560197</longitude>
            <latitude>53.2684380691029</latitude>
            <altitude>0.0</altitude>
            <heading>0</heading>
            <tilt>0</tilt>
            <gx:fovy>35</gx:fovy>
            <range>100</range>
            <altitudeMode>absolute</altitudeMode>
        </LookAt>
        <styleUrl>#__managed_style_a</styleUrl>
        <Polygon>
            <outerBoundaryIs>
                <LinearRing>
                    <coordinates>
                        
				-0.527007692081354,53.26841805919717,0.0 -0.5270655852306854,53.26845807900863,0.0 -0.527007692081354,53.26841805919717,0.0 
			
                    </coordinates>
                </LinearRing>
            </outerBoundaryIs>
        </Polygon>
    </Placemark>
    <Placemark id="WayPoint44_WayPoint73">
        <name>WayPoint44_WayPoint73</name>
        <description><![CDATA[<div>WayPoint44_WayPoint73</div>]]></description>
        <LookAt>
            <longitude>-0.5276530879175362</longitude>
            <latitude>53.26843258324111</latitude>
            <altitude>0.0</altitude>
            <heading>0</heading>
            <tilt>0</tilt>
            <gx:fovy>35</gx:fovy>
            <range>100</range>
            <altitudeMode>absolute</altitudeMode>
        </LookAt>
        <styleUrl>#__managed_style_a</styleUrl>
        <Polygon>
            <outerBoundaryIs>
                <LinearRing>
                    <coordinates>
                        
				-0.5276780496390661,53.26843208861422,0.0 -0.5276281261960063,53.26843307786799,0.0 -0.5276780496390661,53.26843208861422,0.0 
			
                    </coordinates>
                </LinearRing>
            </outerBoundaryIs>
        </Polygon>
    </Placemark>
    <Placemark id="WayPoint45_WayPoint73">
        <name>WayPoint45_WayPoint73</name>
        <description><![CDATA[<div>WayPoint45_WayPoint73</div>]]></description>
        <LookAt>
            <longitude>-0.5276246676442281</longitude>
            <latitude>53.26841360755522</latitude>
            <altitude>0.0</altitude>
            <heading>0</heading>
            <tilt>0</tilt>
            <gx:fovy>35</gx:fovy>
            <range>100</range>
            <altitudeMode>absolute</altitudeMode>
        </LookAt>
        <styleUrl>#__managed_style_a</styleUrl>
        <Polygon>
            <outerBoundaryIs>
                <LinearRing>
                    <coordinates>
                        
				-0.5276212090924499,53.268394137242446,0.0 -0.5276281261960063,53.26843307786799,0.0 -0.5276212090924499,53.268394137242446,0.0 
			
                    </coordinates>
                </LinearRing>
            </outerBoundaryIs>
        </Polygon>
    </Placemark>
    <Placemark id="WayPoint70_WayPoint74">
        <name>WayPoint70_WayPoint74</name>
        <description><![CDATA[<div>WayPoint70_WayPoint74</div>]]></description>
        <LookAt>
            <longitude>-0.5267352935358638</longitude>
            <latitude>53.26836814684804</latitude>
            <altitude>0.0</altitude>
            <heading>0</heading>
            <tilt>0</tilt>
            <gx:fovy>35</gx:fovy>
            <range>100</range>
            <altitudeMode>absolute</altitudeMode>
        </LookAt>
        <styleUrl>#__managed_style_a</styleUrl>
        <Polygon>
            <outerBoundaryIs>
                <LinearRing>
                    <coordinates>
                        
				-0.5269466411238773,53.26835016041592,0.0 -0.5265239459478502,53.26838613328016,0.0 -0.5269466411238773,53.26835016041592,0.0 
			
                    </coordinates>
                </LinearRing>
            </outerBoundaryIs>
        </Polygon>
    </Placemark>
    <Placemark id="WayPoint74_WayPoint77">
        <name>WayPoint74_WayPoint77</name>
        <description><![CDATA[<div>WayPoint74_WayPoint77</div>]]></description>
        <LookAt>
            <longitude>-0.5263405675176955</longitude>
            <latitude>53.26840259086555</latitude>
            <altitude>0.0</altitude>
            <heading>0</heading>
            <tilt>0</tilt>
            <gx:fovy>35</gx:fovy>
            <range>100</range>
            <altitudeMode>absolute</altitudeMode>
        </LookAt>
        <styleUrl>#__managed_style_a</styleUrl>
        <Polygon>
            <outerBoundaryIs>
                <LinearRing>
                    <coordinates>
                        
				-0.5265239459478502,53.26838613328016,0.0 -0.5261571890875407,53.26841904845093,0.0 -0.5265239459478502,53.26838613328016,0.0 
			
                    </coordinates>
                </LinearRing>
            </outerBoundaryIs>
        </Polygon>
    </Placemark>
    <Placemark id="WayPoint74_WayPoint76">
        <name>WayPoint74_WayPoint76</name>
        <description><![CDATA[<div>WayPoint74_WayPoint76</div>]]></description>
        <LookAt>
            <longitude>-0.5263471086917109</longitude>
            <latitude>53.268424084651926</latitude>
            <altitude>0.0</altitude>
            <heading>0</heading>
            <tilt>0</tilt>
            <gx:fovy>35</gx:fovy>
            <range>100</range>
            <altitudeMode>absolute</altitudeMode>
        </LookAt>
        <styleUrl>#__managed_style_a</styleUrl>
        <Polygon>
            <outerBoundaryIs>
                <LinearRing>
                    <coordinates>
                        
				-0.5265239459478502,53.26838613328016,0.0 -0.5261702714355715,53.26846203602369,0.0 -0.5265239459478502,53.26838613328016,0.0 
			
                    </coordinates>
                </LinearRing>
            </outerBoundaryIs>
        </Polygon>
    </Placemark>
    <Placemark id="WayPoint74_WayPoint75">
        <name>WayPoint74_WayPoint75</name>
        <description><![CDATA[<div>WayPoint74_WayPoint75</div>]]></description>
        <LookAt>
            <longitude>-0.5265294345191505</longitude>
            <latitude>53.26840911094719</latitude>
            <altitude>0.0</altitude>
            <heading>0</heading>
            <tilt>0</tilt>
            <gx:fovy>35</gx:fovy>
            <range>100</range>
            <altitudeMode>absolute</altitudeMode>
        </LookAt>
        <styleUrl>#__managed_style_a</styleUrl>
        <Polygon>
            <outerBoundaryIs>
                <LinearRing>
                    <coordinates>
                        
				-0.5265239459478502,53.26838613328016,0.0 -0.5265349230904508,53.26843208861422,0.0 -0.5265239459478502,53.26838613328016,0.0 
			
                    </coordinates>
                </LinearRing>
            </outerBoundaryIs>
        </Polygon>
    </Placemark>
    <Placemark id="WayPoint74_WayPoint75">
        <name>WayPoint74_WayPoint75</name>
        <description><![CDATA[<div>WayPoint74_WayPoint75</div>]]></description>
        <LookAt>
            <longitude>-0.5265294345191505</longitude>
            <latitude>53.26840911094719</latitude>
            <altitude>0.0</altitude>
            <heading>0</heading>
            <tilt>0</tilt>
            <gx:fovy>35</gx:fovy>
            <range>100</range>
            <altitudeMode>absolute</altitudeMode>
        </LookAt>
        <styleUrl>#__managed_style_a</styleUrl>
        <Polygon>
            <outerBoundaryIs>
                <LinearRing>
                    <coordinates>
                        
				-0.5265239459478502,53.26838613328016,0.0 -0.5265349230904508,53.26843208861422,0.0 -0.5265239459478502,53.26838613328016,0.0 
			
                    </coordinates>
                </LinearRing>
            </outerBoundaryIs>
        </Polygon>
    </Placemark>
    <Placemark id="WayPoint75_WayPoint76">
        <name>WayPoint75_WayPoint76</name>
        <description><![CDATA[<div>WayPoint75_WayPoint76</div>]]></description>
        <LookAt>
            <longitude>-0.5263525972630112</longitude>
            <latitude>53.268447062318955</latitude>
            <altitude>0.0</altitude>
            <heading>0</heading>
            <tilt>0</tilt>
            <gx:fovy>35</gx:fovy>
            <range>100</range>
            <altitudeMode>absolute</altitudeMode>
        </LookAt>
        <styleUrl>#__managed_style_a</styleUrl>
        <Polygon>
            <outerBoundaryIs>
                <LinearRing>
                    <coordinates>
                        
				-0.5265349230904508,53.26843208861422,0.0 -0.5261702714355715,53.26846203602369,0.0 -0.5265349230904508,53.26843208861422,0.0 
			
                    </coordinates>
                </LinearRing>
            </outerBoundaryIs>
        </Polygon>
    </Placemark>
    <Placemark id="WayPoint76_WayPoint78">
        <name>WayPoint76_WayPoint78</name>
        <description><![CDATA[<div>WayPoint76_WayPoint78</div>]]></description>
        <LookAt>
            <longitude>-0.5261398211427413</longitude>
            <latitude>53.2684960303804</latitude>
            <altitude>0.0</altitude>
            <heading>0</heading>
            <tilt>0</tilt>
            <gx:fovy>35</gx:fovy>
            <range>100</range>
            <altitudeMode>absolute</altitudeMode>
        </LookAt>
        <styleUrl>#__managed_style_a</styleUrl>
        <Polygon>
            <outerBoundaryIs>
                <LinearRing>
                    <coordinates>
                        
				-0.5261702714355715,53.26846203602369,0.0 -0.5261093708499112,53.2685300247371,0.0 -0.5261702714355715,53.26846203602369,0.0 
			
                    </coordinates>
                </LinearRing>
            </outerBoundaryIs>
        </Polygon>
    </Placemark>
    <Placemark id="WayPoint76_WayPoint77">
        <name>WayPoint76_WayPoint77</name>
        <description><![CDATA[<div>WayPoint76_WayPoint77</div>]]></description>
        <LookAt>
            <longitude>-0.526163730261556</longitude>
            <latitude>53.268440542237315</latitude>
            <altitude>0.0</altitude>
            <heading>0</heading>
            <tilt>0</tilt>
            <gx:fovy>35</gx:fovy>
            <range>100</range>
            <altitudeMode>absolute</altitudeMode>
        </LookAt>
        <styleUrl>#__managed_style_a</styleUrl>
        <Polygon>
            <outerBoundaryIs>
                <LinearRing>
                    <coordinates>
                        
				-0.5261702714355715,53.26846203602369,0.0 -0.5261571890875407,53.26841904845093,0.0 -0.5261702714355715,53.26846203602369,0.0 
			
                    </coordinates>
                </LinearRing>
            </outerBoundaryIs>
        </Polygon>
    </Placemark>
    <Placemark id="WayPoint74_WayPoint76">
        <name>WayPoint74_WayPoint76</name>
        <description><![CDATA[<div>WayPoint74_WayPoint76</div>]]></description>
        <LookAt>
            <longitude>-0.5263471086917109</longitude>
            <latitude>53.268424084651926</latitude>
            <altitude>0.0</altitude>
            <heading>0</heading>
            <tilt>0</tilt>
            <gx:fovy>35</gx:fovy>
            <range>100</range>
            <altitudeMode>absolute</altitudeMode>
        </LookAt>
        <styleUrl>#__managed_style_a</styleUrl>
        <Polygon>
            <outerBoundaryIs>
                <LinearRing>
                    <coordinates>
                        
				-0.5265239459478502,53.26838613328016,0.0 -0.5261702714355715,53.26846203602369,0.0 -0.5265239459478502,53.26838613328016,0.0 
			
                    </coordinates>
                </LinearRing>
            </outerBoundaryIs>
        </Polygon>
    </Placemark>
    <Placemark id="WayPoint75_WayPoint76">
        <name>WayPoint75_WayPoint76</name>
        <description><![CDATA[<div>WayPoint75_WayPoint76</div>]]></description>
        <LookAt>
            <longitude>-0.5263525972630112</longitude>
            <latitude>53.268447062318955</latitude>
            <altitude>0.0</altitude>
            <heading>0</heading>
            <tilt>0</tilt>
            <gx:fovy>35</gx:fovy>
            <range>100</range>
            <altitudeMode>absolute</altitudeMode>
        </LookAt>
        <styleUrl>#__managed_style_a</styleUrl>
        <Polygon>
            <outerBoundaryIs>
                <LinearRing>
                    <coordinates>
                        
				-0.5265349230904508,53.26843208861422,0.0 -0.5261702714355715,53.26846203602369,0.0 -0.5265349230904508,53.26843208861422,0.0 
			
                    </coordinates>
                </LinearRing>
            </outerBoundaryIs>
        </Polygon>
    </Placemark>
    <Placemark id="WayPoint74_WayPoint77">
        <name>WayPoint74_WayPoint77</name>
        <description><![CDATA[<div>WayPoint74_WayPoint77</div>]]></description>
        <LookAt>
            <longitude>-0.5263405675176955</longitude>
            <latitude>53.26840259086555</latitude>
            <altitude>0.0</altitude>
            <heading>0</heading>
            <tilt>0</tilt>
            <gx:fovy>35</gx:fovy>
            <range>100</range>
            <altitudeMode>absolute</altitudeMode>
        </LookAt>
        <styleUrl>#__managed_style_a</styleUrl>
        <Polygon>
            <outerBoundaryIs>
                <LinearRing>
                    <coordinates>
                        
				-0.5265239459478502,53.26838613328016,0.0 -0.5261571890875407,53.26841904845093,0.0 -0.5265239459478502,53.26838613328016,0.0 
			
                    </coordinates>
                </LinearRing>
            </outerBoundaryIs>
        </Polygon>
    </Placemark>
    <Placemark id="WayPoint76_WayPoint77">
        <name>WayPoint76_WayPoint77</name>
        <description><![CDATA[<div>WayPoint76_WayPoint77</div>]]></description>
        <LookAt>
            <longitude>-0.526163730261556</longitude>
            <latitude>53.268440542237315</latitude>
            <altitude>0.0</altitude>
            <heading>0</heading>
            <tilt>0</tilt>
            <gx:fovy>35</gx:fovy>
            <range>100</range>
            <altitudeMode>absolute</altitudeMode>
        </LookAt>
        <styleUrl>#__managed_style_a</styleUrl>
        <Polygon>
            <outerBoundaryIs>
                <LinearRing>
                    <coordinates>
                        
				-0.5261702714355715,53.26846203602369,0.0 -0.5261571890875407,53.26841904845093,0.0 -0.5261702714355715,53.26846203602369,0.0 
			
                    </coordinates>
                </LinearRing>
            </outerBoundaryIs>
        </Polygon>
    </Placemark>
    <Placemark id="WayPoint76_WayPoint78">
        <name>WayPoint76_WayPoint78</name>
        <description><![CDATA[<div>WayPoint76_WayPoint78</div>]]></description>
        <LookAt>
            <longitude>-0.5261398211427413</longitude>
            <latitude>53.2684960303804</latitude>
            <altitude>0.0</altitude>
            <heading>0</heading>
            <tilt>0</tilt>
            <gx:fovy>35</gx:fovy>
            <range>100</range>
            <altitudeMode>absolute</altitudeMode>
        </LookAt>
        <styleUrl>#__managed_style_a</styleUrl>
        <Polygon>
            <outerBoundaryIs>
                <LinearRing>
                    <coordinates>
                        
				-0.5261702714355715,53.26846203602369,0.0 -0.5261093708499112,53.2685300247371,0.0 -0.5261702714355715,53.26846203602369,0.0 
			
                    </coordinates>
                </LinearRing>
            </outerBoundaryIs>
        </Polygon>
    </Placemark>
</Document>
</kml>